title,body,subreddit,created_utc,url,score,preprocessed_text,Length,Sentiment
Nirma 😂😂,Nice Promotion tactic ,tollywood,2025-06-17 07:48:01,https://www.reddit.com/gallery/1ldh8ju,108,people joining tier college internship work ex arent guy afraid zero profile extracurricular activity im joining nirma mba im taking loan lakh mba im scared hell whole day night revolve around overthinking whether im taking right desicion job market condition really bad cant get back already paid around lakh fee student arent getting placed iims think swallow whole family future remain unplaced anyone facing please shed light,67,Negative
People joining tier 3 college with no internship and work ex,"Aren't you guys afraid? I myself have zero profile and extracurricular activities . I'm joining nirma for my mba . I'm taking a loan of 14 lakhs for my mba and I'm scared as hell. My whole day and night revolve around overthinking whether I'm taking the right desicion or not . The job market condition is really bad. Now , I can't get back as I have already paid around 5.4 lakhs as my fees. Students aren't getting placed from IIMs , i think I will swallow my whole family future if remain unplaced.

Anyone facing the same please shed some light ",CATpreparation,2025-06-15 09:46:37,https://www.reddit.com/r/CATpreparation/comments/1lbwk2w/people_joining_tier_3_college_with_no_internship/,40,thankful everything moving forward lbsim hey everyone wanted share quick update mba journey ’ converted lbsim nirma glim gurgaon imt hyderabad thinking ’ decided go ahead lbsim know people might ask “ iim ” “ ’ goal ” truth everyone get iim ’ okay ’ fancy profile academic score tier undergrad bba degree even ’ managed stand competition lbsim may top ’ still ranked among top college country look thousand college india big achievement ’ going sit around feeling bad ’ going make matter use next two year know goal know hungry ’ work hard college build profile join right committee learn everything make sure leave best possible outcome including aiming highest package ’ grateful far ’ come even excited lie ahead beginning let ’ get work curious hear others headed decided,132,Positive
Thankful for everything. Moving forward with LBSIM.,"Hey everyone,

Just wanted to share a quick update on my MBA journey. I’ve converted LBSIM, NIRMA, GLIM Gurgaon, and IMT Hyderabad. After thinking it through, I’ve decided to go ahead with LBSIM.

Now I know some people might ask, “Why not an IIM?” or “Isn’t that the goal?”
The truth is, not everyone gets into an IIM. And that’s okay. I don’t have a fancy profile  7/8/7 academic scores, a tier-5 undergrad BBA degree  but even with that, I’ve managed to stand out from the competition.

LBSIM may not be in the top 20, but it’s still ranked among the top 100 to 110 colleges in the country. And when you look at the thousands of colleges in India, that itself is a big achievement. I’m not going to sit around feeling bad about it. I’m going to make the most of it.

What matters now is how I use the next two years. I know my goals, and I know how hungry I am. I’ll work hard in college, build my profile, join the right committees, learn everything I can, and make sure I leave with the best possible outcome including aiming for the highest package.

I’m grateful for how far I’ve come and even more excited for what lies ahead.
This is just the beginning.

Let’s get to work.
Curious to hear from others , where are you headed and what you decided?",CATpreparation,2025-06-04 07:26:29,https://www.reddit.com/r/CATpreparation/comments/1l2zf0j/thankful_for_everything_moving_forward_with_lbsim/,26,nirma aspirant question asked interview gujarat state quota got interview ill share question asked total mark class verification purpose introduce please state last book read summarise since mentioned read book last movie watched major news came across recently prepare itinerary vadodara come visit youre tour guide vadodara im city thats next panelist india position term gdp mentioned india th largest gdp gdp calculated began explaining india economy flawed good gpd bad per caput income poverty prevalent india number india good whatre view india position hdi index flaw indian economy poverty measured,91,Negative
"For Nirma aspirants, here are the questions I was asked for my interview for Gujarat State Quota*","
Just got over with the interview 
I'll share the questions asked to me
1) Total marks in class 12 for verification purposes 
2) Introduce yourself
3) Please state the last book you read and summarise it (since i mentioned I read books) 
4) Last movie I watched and how was it
5) 3 major news I came across recently 
6) Prepare an itinerary for Vadodara if I come to visit and you're our tour guide of Vadodara ( I'm from this city that's why) 
* Next panelist 
1) What is India's position in terms Of gdp (because I mentioned India is 4th largest in GDP)
2) how is GDP calculated 
( He then began explaining how India's economy is flawed with good GPD but very bad Per capita income and poverty prevalent in India and these are just numbers)
3) Is india doing good what're your views, what is India's position in HDI index 
4) 3 flaws of Indian Economy 
5) Is poverty there? How is it measured?",IPMATtards,2025-06-04 04:51:15,https://www.reddit.com/r/IPMATtards/comments/1l2wzho/for_nirma_aspirants_here_are_the_questions_i_was/,24,coco fav nostu commercial mine washing powder nirma washing powder nirma baaki lyric idk,14,Positive
"Cocos, what is your fav nostu commercial?",Mine is washing powder nirma washing powder nirma baaki lyrics idk.,Coconaad,2025-06-05 15:38:10,https://www.reddit.com/r/Coconaad/comments/1l42cdk/cocos_what_is_your_fav_nostu_commercial/,24,correct priority list thread hey senior currently dual degree talking friend senior detailed analysis course structure best priority order according updated priority list srccsscbsiim indoreiimk bmsother top du north collegesshillongranchirohtakamritsarjammubgiiftkxaviersnmimssymbiosischrist blrtapmi sirmaurnalsarkreanirmajindalsouth du collegesnfsusambhalpur p generalised view tagcampus lifeactual review given importance nirf roi secondly college mentioned main campus exception christ blr tapmi blr placement centralised iim bangalore bba dbe extra choice people whose parent work business want work startup degree good tag side side gambling art choosing priority roi campus life location rule tag course list mean need choose priority note rohtak strict know guy left rohtak scmstapmichrist please talk senior linkedinreddit make final decision remember join college regardless tag thing willl care attendencecampus life cgpa ask anyone saying iim k bm worth worth money idts lpa year defn crazy worth campus campus life idts main campus worth tag course structure certified placement support yes mean giving placement bm ie official placement cell iimk huge thing iim kozhikode iim shillong people asking one reason stronger tag course structure tier city commuting easier money definitely best choice ug according specialisation offer course structure insane current iim kozhikode tag value higher indore go nmims money ready invest much plus high cost living saying iim amritsar better iim jammu honestly nope bsc quants better bba vice versa ipm programme want stay year mba matter mba jammuamritsar want really interested quants ecofin amritsar better else jammu also comparing ipm v bba hons programme offered college nirmatapmi remember cause ipm doesnt mean better downside ipm programme placement bbabms unlike bba honsbms hons degree get placement research trackhons want continue college ipm best option choose priority wisely thanks,273,Positive
Correct Priority List Thread!,"Hey, I am a senior, currently doing a dual degree, after talking to my friends, seniors and doing a detailed analysis on the course structure, this is the best priority order according to me.

**UPDATED PRIORITY LIST 2025:**

**SRCC/SSCBS/IIM Indore>IIMK BMS/Other Top DU North Colleges>Shillong>Ranchi>Rohtak>Amritsar=Jammu>BG>IIFT-K>Xaviers=NMIMS>Symbiosis/Christ Blr/TAPMI/ Sirmaur>Nalsar=Krea=Nirma=Jindal/South DU Colleges>NFSU>Sambhalpur**

**P.S:** This is a generalised view with Tag+Campus Life+Actual reviews given more importance than NIRF and ROI. Secondly, all colleges mentioned are only the main campuses. **Exception:** Christ Blr and TAPMI Blr as placements are centralised.

**+** **IIM Bangalore BBA DBE : An extra choice for people whose parents work in business or want to work on a startup and what a degree with good tag to do side by side.**

**GAMBLING: An** ***ART*** **of choosing your** ***priorities*****:  | ROI | Campus Life | Location | Rules | Tag | Course |**  
**In my list, when = is there, it means you need to choose your priorities.**

**Note:** Rohtak is very strict, I know guys who have left Rohtak for SCMS/TAPMI/Christ. Please talk to seniors on LinkedIn/Reddit before you make a final decision.

Remember when you join a college regardless of your tag, only thing willl you care is about you **Attendence+Campus Life+ CGPA** *(ASK ANYONE)*

**=>For those saying IIM K BMS is not worth it:**

**is it worth it for the money? IDTS (36 LPA for 4 years is defn crazy)**

**Is it worth it for the campus and campus life? IDTS (Not main campus)**

**is it worth it for the Tag+ Course Structure+100% certified placement support- Yes!**  
**I mean, they are giving you PLACEMENTS after BMS, i.e by the Official Placements Cell of IIM-K. Huge thing!**

**Why IIM Kozhikode> IIM Shillong? People are asking me, One Reason: (Stronger TAG + Course Structure + Tier-1 City commuting is easier)**

If you have money, it's definitely the **best choice for UG** according to me, the specialisation they offer and course structure is ***INSANE+ { The Current IIM Kozhikode Tag Value is higher than Indore itself. }***

Go to NMIMS only if you have money and are ready to invest so much, plus the high cost of living.

For those saying IIM Amritsar is better than IIM Jammu, honestly, **NOPE**. BSC in Quants **is not better** than BBA, **NOR vice versa.** It's an IPM Programme, if you want to stay all 5 years, then MBA matters and in MBA, **Jammu>Amritsar.** But if you want to be really interested in **Quants for Eco/Fin**, then Amritsar is better, else Jammu.

Also, those comparing ***IPM vs BBA Hons programme offered by the same colleges (Nirma/TAPMI)*** remember that just cause it's IPM doesn't mean it's better. **Downsides** of the IPM Programme are that there is no placement after BBA/BMS, unlike BBA Hons/BMS Hons degree, where you get **placements + research track(Hons).** But if you want to **continue** in the same college, IPM is the best option.

**So choose your priorities wisely.**  
**Thanks :)**",IPMATtards,2025-07-01 13:24:55,https://www.reddit.com/r/IPMATtards/comments/1lp1lxz/correct_priority_list_thread/,21,guy reading tier college completed nd year one month left college proff tell u mug bare act give landmark case say chapter started read jindal course work criminal jurisprudence thing vast language tough people good college read much guy interned withhe nirma told nirma friend read commentary like upgrade knowledge dont fall behind,53,Negative
how do you guys do readings,"so i am from tier (999) college just completed 2nd year and have one month left, In our college our proff tell us just to mug up bare acts and give 2 or 3 landmark cases for say chapter So i have started to read jindal course work ( criminal and jurisprudence) The thing is it is so vast and the language is so tough how do people from good colleges read so much , a guy i interned with(he was from nirma) told me in nirma that he has some friends who just read commentaries like how !! and how can upgrade my knowledge so that i don't fall behind ",NLUs,2025-06-10 21:22:26,https://www.reddit.com/r/NLUs/comments/1l8atfm/how_do_you_guys_do_readings/,17,idk title exhausted life would appreciate advice like pls anything loudlycryingface interest pcm go bc parentsgave jeealready made clear expectation scored around tile prep around first came across ipmat seemed like life saviouralways wanted bbamba since rd class fr ready give along th parent restriction pcm prep stuff took overshadowed shattered dream always place mentally physically bc themtheir abuse basically didnt courage fight back hence able study ipmat thusme bhi forced go relative shaadi week family level small affair big scale one presence every aunty topmost priority got week prep time jipmat rohtak less indorescrewed jipmat rohtak diff reasonsi admit kind fault scored indore getting nirma still content go away freaking house maybe appear ipmat next year drama today took place like hell bent getting even lowerand generous describing lower tier college delhi noida gurgaon etc bc entire family one regard wish allnever still even ready pushing ba honrs engon sole basis score isc eng oh close city even ba honrs arabic im able get either scored smthagain cuet targeted prep gen fem point given everything going accept course college put money even relative advicenot saying dont know anything arent wellwishers bc yes matter childand yep calledbut wrong want make decision life freaking like okay idk going happen nirma uni im smth hour train journey away home going like let experience life oncelet live onceman want breathe freedom even day atp think shit put parent since deserve peace life moment even going shortlived bc close giving rn,247,Negative
"idk what title, just so exhausted with my life and would appreciate any advice at all like pls anything😭","I had no interest in pcm but had to go with it bc of parents,gave jee(already made it clear to them to not have any expectations and scored around 65%tile with no prep). 12% is around 89.

When I first came across ipmat, it seemed like a life saviour(always wanted BBA-MBA since 3rd class) fr and I was ready to give it my all along with my 12th- but then parents restrictions to pcm prep and stuff took over, overshadowed and shattered my dreams as always and I was in such a place mentally and physically bc of them(their abuse basically), that I didnt have any courage at all to fight back. 

Hence, I was able to study for ipmat only after 12th(usme bhi they forced me to go to some relatives shaadi for a week and it was only a family level small affair only, not a big scale one that my presence is every auntie's topmost priority), so I got 2 weeks prep time for jipmat and rohtak and less than 1 for Indore-screwed jipmat and rohtak for diff reasons-I ADMIT THAT WAS KIND OF MY OWN FAULT, and scored in 140s in Indore. 

Now, I was getting Nirma and was still content to go away from this freaking house and maybe appear for ipmat again next year. But the drama today that took place- like they are hell bent on getting me some even lower(AND I AM BEING TOO GENEROUS WHILE DESCRIBING THEM \*\*""LOWER""\*\* )tier college in Delhi, noida, gurgaon, etc just bc her entire family is there and no one has any regard for my wishes at all(never did but still), even ready for pushing me into ba honrs eng(on the sole basis of my 99 score in isc eng, oh and that it is close to our city in UP and even ba honrs arabic if im able to get either- scored 540smth/1250(again no cuet targeted prep at all)- gen fem).

At this point, I have given up on everything and just going to accept any course and college they put me in after all ""their money"" so what can I even do if their relatives advice(not saying they dont know anything or aren't my well-wishers bc yes they are) matter more than to their own child(and yep so called)but AM I WRONG TO WANT TO MAKE A DECISION FOR MY OWN LIFE ON MY OWN FOR FREAKING ONCE- LIKE OKAY IDK WHAT IS GOING TO HAPPEN IN NIRMA UNI WHEN I'M 18 SMTH HOURS OF A TRAIN JOURNEY AWAY FROM HOME AND IF I AM GOING TO LIKE IT OR NOT BUT JUST LET ME EXPERIENCE LIFE FOR ONCE?LET ME LIVE FOR ONCE?MAN I JUST WANT TO BREATHE IN FREEDOM EVEN IF IT IS FOR A DAY ATP! I THINK AFTER ALL THE SHIT I HAVE PUT UP WITH MY PARENTS SINCE I WAS 9, I DESERVE PEACE IN MY LIFE FOR A MOMENT, EVEN IF IT IS GOING TO BE SHORT-LIVED AS ME BC I AM THIS CLOSE TO GIVING UP RN:)",IPMATtards,2025-07-03 18:57:46,https://www.reddit.com/r/IPMATtards/comments/1lqxrvl/idk_what_title_just_so_exhausted_with_my_life_and/,15,nalsarnirmatapmi im genuinely curious many student keen join nalsarnirmatapmi nalsars median mba placement year l poor nirma facility arent best placement good l tapmi manipal bad reputation general placement good well arent student better joining college writing cat rather settling poor return college,43,Positive
NALSAR/NIRMA/TAPMI,"Im genuinely so curious as to why so many students are keen to join NALSAR/NIRMA/TAPMI. NALSARS Median MBA placement for the year is 7.5L which is very very poor.

Nirma facilities arent the best nor are the placements all that good (13L)

TAPMI, when manipal just has a very bad reputation in general and their placements are not all that good as well.

Arent students better off joining other colleges and writing CAT rather than settling for such poor returns from colleges....?",IPMATtards,2025-05-29 15:34:51,https://www.reddit.com/r/IPMATtards/comments/1kydv85/nalsarnirmatapmi/,15,rgnul nirma allotted rgnul first second list dand even though floated third list well im afraid might get sir coaching advised go nirma better rgnul im highlt sceptical nirma fee high plus private rgnul bad please help,37,Negative
RGNUL or NIRMA?,"I was allotted RGNUL in both first and second list dand even though I have floated for the third list as well, I'm afraid I might get it again. A sir from my coaching has advised me to go for NIRMA as it is better than RGNUL. What should I do? I'm highlt sceptical of NIRMA as the fees is high, plus it is private. Is RGNUL that bad. What should I do? Please help",NLUs,2025-06-14 07:59:54,https://www.reddit.com/r/NLUs/comments/1lb3cmp/rgnul_or_nirma/,14,ipmat cooked loudlycryingface rant aare hai christ nmims symbiosis kahi apply nahi kiya loudlycryingface loudlycryingface cuet ke liye padha nahi iim mil nahi rahaa nirma ki sab burai karte hai drop nahi lenaaa loudlycryingface loudlycryingface wtf,36,Negative
nirma interview,Those who have already given nirma interview please share your experience ,IPMATtards,2025-06-11 12:07:36,https://www.reddit.com/r/IPMATtards/comments/1l8qyh9/nirma_interview/,14,help urgent got accepted nirma nmimsm nlu prayagraj air xx need review whether opt du ballb college get vnlu vacancy looking good placement,23,Positive
Ipmat cooked me😭 (rant),"152 aare hai (16+4,23,109) , Christ, nmims, symbiosis kahi apply nahi kiya😭😭 cuet ke liye padha nahi, iim mil nahi rahaa, nirma ki sab burai karte hai, drop nahi lenaaa😭😭 wtf do I do",IPMATtards,2025-05-26 15:54:42,https://www.reddit.com/r/IPMATtards/comments/1kvxura/ipmat_cooked_me_rant/,14,last year nirma university ipm cutoff many people asking many different post also know couple people selected mark last year focus interview acad question arent hard asked number element periodic table mean management also asked name chief minister state interview zoom good luck,43,Positive
HELP URGENT,"I got accepted into nirma, nmims-m and nlu prayagraj (AIR 16XX) what should I do? Need a review of all and whether I should opt for Du BALLB? What colleges can I get in vNLU Vacancies? LOOKING FOR GOOD PLACEMENTS. ",clat,2025-06-04 15:59:35,https://www.reddit.com/r/clat/comments/1l39afv/help_urgent/,13,nirma pi th june hey everyone recently completed interview please share question asked,13,Neutral
HERE ARE LAST YEAR'S NIRMA UNIVERSITY IPM CUTOFFS,"Too many people have been asking this in many different posts. Also, I know a couple people who were selected with 120-130 marks last year. Just focus on the interview. Acad questions aren't hard, asked me the number of elements in a periodic table and ""what do you mean by management"" also asked me to name the chief minister of my state. Interview will be on zoom. Good luck. ",IPMATtards,2025-05-20 11:10:08,https://i.redd.it/5s4p5iok6x1f1.jpeg,13,life ’ first interview gone wrong today nirma ’ interview noon ready laptop headphone mic joined meeting took ish said good afternoon said ’ audible got panic checked setting nothing worked yesterday checked working properly opened link phone supported got mum ’ phone finally worked already waited minute ’ take panicked nirma hope mailed nirma response called said wait minute take thoda sa relief already took interview started two panelist there…one female one male panelist female introduce verified th th percentage q difference motivation persuasion q tell scientific principle q keep updated current affair q cm maharashtra ’ maharashtra next panelist male q branch economics difference q tell monopolistic competition monopoly perfect competition q elasticity demand law demand first interview experience went well got confused sometimes pretty chill first impression gone wrong ’ dicey accept,135,Positive
NIRMA PI 17th JUNE,"Hey everyone! For those who have recently completed an interview, please share the questions you were asked.",IPMATtards,2025-06-17 06:29:10,https://www.reddit.com/r/IPMATtards/comments/1ldg2be/nirma_pi_17th_june/,12,nirma really strict ive heard im joining civil engineering nirma university year ive heard university promote co curricular activites jammer installed use phone inside campus overall environment quite restrictive strict true also another question sporting facility ive heard there new sport complex built completed guess apart sporting facility good fests,50,Positive
Life’s first interview- gone wrong,"So today was my nirma’s interview at 12 noon. 
I was ready with my laptop, headphones and mic. Joined the meeting at 11.55, they took me in at 12.03ish. Said good afternoon, they said i’m not audible. Got panic. Checked my settings, nothing worked. Yesterday only i checked, it was working properly. Opened link on my phone, not supported. Got my mum’s phone. Finally it worked but it was 12.10 already. I waited for 2-3 minutes but they didn’t take me in. I panicked, Nirma was my only hope. Mailed nirma, no response. Called them, they said wait for 5-10 minutes they will take you in. Thoda sa relief. It was 12.40 already, they took me in. 
My interview started. 
Two panelists were there…one female and one male. 

Panelist1 (female)- 
Introduce yourself
Verified my 10th, 12th percentage
Q1- Difference between motivation and persuasion? 
Q2- Tell scientific principles 
Q3- How you keep updated with the current affairs? 
Q4- Who is the CM of maharashtra? (i’m not from Maharashtra) 

Over to next panelist (male)-
Q1- Branches of economics and difference between them? 
Q2- Tell about monopolistic competition, monopoly and perfect competition?
Q3- What is elasticity of demand, law of demand?
 
So that was my first interview experience. It went well. I got confused sometimes but they were pretty chill. But my first impression gone wrong so i’m dicey if they will accept me or not. ",IPMATtards,2025-06-18 11:37:43,https://www.reddit.com/r/IPMATtards/comments/1leeu05/lifes_first_interview_gone_wrong/,12,crazy people ’ get shortlisted indore ranchi amritsar etc wont clear nirmatapmi j reservationis crazy think skull,17,Negative
Is nirma really as strict as ive heard?,"Im joining civil engineering in nirma university this year, ive heard that the university does not promote co curricular activites, there are jammers installed so you cannot use phones inside the campus and overall the environment is quite restrictive and strict, is that true?
Also i had another question, how are the sporting facilities? Ive heard theres a new sports complex being built which will be completed by 2026-27 i guess but apart from that are the sporting facilities good? And what about fests? 
",NirmaUniversity_Ahmd,2025-06-18 04:41:29,https://www.reddit.com/r/NirmaUniversity_Ahmd/comments/1le8cnp/is_nirma_really_as_strict_as_ive_heard/,11,help please wasnot able clear ipmat indore shortlisted nirma unis interview prepare interview college really ive seen online ive seen alot negative positive still weirdly skeptical,26,Negative
So what does this mean? I got admission in nirma or what?,,clat,2025-05-28 11:56:04,https://i.redd.it/ssk5o091ii3f1.png,11,nirma ec advice ill joining nirma ec year grading weightage research opportunity bad faculty handle particular person tip maintaining high cgpainsights placement statsavghighest year ac anything prepare advance didnt see anything mess facility day scholar mess available day scholar,39,Negative
Crazy,"There are people who’ll get shortlisted for indore ranchi amritsar etc but wont clear nirma/tapmi j because of reservation,is crazy to think about 💀 ",IPMATtards,2025-06-21 12:10:32,https://www.reddit.com/r/IPMATtards/comments/1lgv2zc/crazy/,10,nirma pi panel transcript panel member male one asking question kept camera offmake sure greet member saperatly p mark class th answered pintroduce please answered p coming home town day guide place would take answered p cm state answered p education minister state answered p tell neighbouring state state answered p tell recent business news choice nation level one world wide level answered p tell real life example derivative used business answered p tell use linear programming linear answered p vice president india accidentally said murmu instead jagdeep shankar corrected asked p home minister india answered p thats side thank waiting sir said panelist p start camera leaning degree towards wall like isnon video call homeboy p tell favorite subject accountancy economics p okay let start account tell conservatism concept answered used wrong example explain confused little p tell way calculate depreciation answered p thing besides study playing guitar like watching movie p type movie watch like criterion chosing movie last movie u watched told watch drama crime thriller film last one watched taxi driver martin scorsese p tell movie yapped movie good minute p think interview quarry ask otherwise free leave meeting said thank interview left meeting,198,Positive
help please,"i wasnot able to clear ipmat indore, but i was shortlisted for nirma uni's interview. How do i prepare for the interview and how is the college really? from what ive seen online ive seen alot of negatives and positives but i am still weirdly skeptical. ",IPMATtards,2025-06-11 12:11:18,https://www.reddit.com/r/IPMATtards/comments/1l8r11b/help_please/,10,ama nirma completed st year feel free ask question related ipm bbahons institute management nirma university,16,Positive
NIRMA EC ADVICE,"I'll be joining Nirma EC this year. 

1) . How is grading and weightage?
2). What are the research opportunities?
3). How bad are the faculties and how to handle that particular person?
4). Tips for maintaining high cgpa(insights).
5). Placement stats(avg,highest,%) for this year.
6). Are there ACs?
7). Anything to prepare in advance?
8). I didn't see anything about mess facilities for day scholars. Is mess available for day scholars?",NirmaUniversity_Ahmd,2025-07-02 17:29:11,https://www.reddit.com/r/NirmaUniversity_Ahmd/comments/1lq1xxx/nirma_ec_advice/,9,regarding pg hostel fresher nirma student ive collecting response nirma student pghostel food price etc — check form pg recommendation dm,21,Neutral
Nirma ka result kab ata h generally?,Just the title ,IPMATtards,2025-06-24 12:21:20,https://www.reddit.com/r/IPMATtards/comments/1lj9n5y/nirma_ka_result_kab_ata_h_generally/,9,nirma uni nirma offer letter congratulation got got thinking joining let connect make instagram group chat,16,Neutral
Nirma PI panel 4 transcript,"There were 2 panel members both male and while one was asking questions other kept their camera off(make sure you greet both the members Saperatly) 

P1- what was your marks in class 12th

Me- answered

P1-introduce yourself please

Me- answered

P1 - if I was coming to your home town for a 1 day your and you were my guide, what places would you take me to? 

Me - answered

P1 - who is the CM of your state

Me - answered

P1 - who is the education minister of your state

Me - answered

P1 - tell me the neighbouring states of your state

Me - answered

P1 - tell me about a recent business news of your choice on nation level and one on world wide level

Me - answered

P1 - tell me a real life example where derivatives can be used in business

Me - answered

P1 - tell me the use of linear programming and why it is linear

Me - answered

P1 - who is the vice president of India

Me - (accidentally said murmu instead of jagdeep shankar but corrected after he asked again) 

P1 - who is the home minister of India

Me - answered

P1 - that's all from my side, thank you for waiting sir( said to the other panelist) 

Now P2 starts his camera and he is leaning 45 degrees towards a wall like he isnon a video call with is homeboys

P2 - tell me your favorite subjects 

Me - Accountancy and Economics

P2 - okay so let's start from accounts, tell me what is conservatism concept

Me - answered but used a wrong example to explain and confused him  a little

P2 - tell me ways to calculate depreciation

Me - answered

P2 - so what other things do you do besides studies and playing guitar

Me - I like watching movies

P2 - what type of movies do you watch, like what is your criteria of chosing a movie and what is the last movie u watched

Me - told him that I watch drama, crime and thriller films and the last one I watched was Taxi Driver by Martin Scorsese

P2 - tell me about the movie

Me - yapped about the movie for a good 2 minutes

P2 - I think that was it for the interview and if you have any quarries you can ask otherwise you are free to leave the meeting

Me - said thank you for the interview and left the meeting",IPMATtards,2025-06-18 17:37:40,https://www.reddit.com/r/IPMATtards/comments/1lend1r/nirma_pi_panel_4_transcript/,9,serious hun yaar help im dilemma mtech nirma mtech bhi admission hogya hai daiict mtech bhi mil raha hai easily kaha pe paisa bharu aur kaha se refund lun abhi end goal get good internship placement bataa agar koi jaanta ho toh,42,Positive
Nirma IPM Cut offs are OUT,"Hello aspirants.  
Anyone planning for Nirma University ?

",IPMATCom,2025-06-11 14:20:37,https://i.redd.it/qtubxpai4b6f1.jpeg,9,nirma pi transcript got panel two male panelistsones camera entire time p name yes sir p mark thfor verification tell mark p mentioned anywhere asks p introduce subject th tell concept learned pcm asked mention particular subject law thermodynamicsanswered difference organic inorganic chemistryanswered use hcfsgot nervous said im sure ik basic question skullandcrossbones differentiationanswered obtain differentiating functionanswered nirmawhy ipmanswered thats side youto p sir integration different differentiation application integrationanswered discussion based previous answer regarding cost function marginal revenue function answered obtain marginal function cost function integrate differentiateanswered also seemed little bit involved bg noise room thats sirto p p okay thankyoumy name may leave meeting greeted said thankyou left meeting entire interview lasted minute appear went,116,Negative
AMA - Nirma,"Just completed 1st year here..
Feel free to ask any questions related to IPM and BBA(Hons.) at Institute of Management, Nirma University ",IPMATtards,2025-05-23 15:54:40,https://www.reddit.com/r/IPMATtards/comments/1ktn2hp/ama_nirma/,9,nirma round result declared title ece rank aage gaya ba yelo cutoff,12,Negative
NIRMA University IPMAT Cutoff 2025 Expected,,IPMATCom,2025-06-19 04:08:31,https://coachingdaddy.com/nirma-university-ipmat-cutoff-2025-expected-know-admission-process-selection-criteria-previous-year-cutoff/,8,clat clat hey guy confused clat exam like month havent even started yet confused hu kaise start karu kya karu papa told ki mere bhai ne nirma se kiya tha toh wahi se mein bhi kar lu kyunki ghar ke paas hai please help foldedhands foldedhands,46,Negative
dm me for nirma freshers 2025 group,number bhejo doge toh badhiya rahega ,NirmaUniversity_Ahmd,2025-06-15 04:49:45,https://www.reddit.com/r/NirmaUniversity_Ahmd/comments/1lbs35r/dm_me_for_nirma_freshers_2025_group/,8,fresher alert let ’ create whatsapp group nirma ’ first year student get connected college start dm ur number interested also u dm plzz text ur name branch u enrolled,30,Positive
Regarding pg and hostel for freshers and nirma students,"I've been collecting responses from Nirma students about the pg/hostel , food , price ,etc — you can check out the form here:  
[https://docs.google.com/spreadsheets/d/1FHICNmvy6eW8tlUKkGV7C4e9uBtaWsVnMRy\_lXrsBYQ/edit?usp=sharing](https://docs.google.com/spreadsheets/d/1FHICNmvy6eW8tlUKkGV7C4e9uBtaWsVnMRy_lXrsBYQ/edit?usp=sharing)

If any other pg recommendation dm me ",NirmaUniversity_Ahmd,2025-06-15 15:03:57,https://www.reddit.com/r/NirmaUniversity_Ahmd/comments/1lc2g0d/regarding_pg_and_hostel_for_freshers_and_nirma/,8,pdeu electrical engineering pdeu year student academic relevant dont know cse like ee worst ever marketing ★★placement pdeu like thing right marketing real lpa many even got btw lpa highest lpa next level brain skill hardly student got lpa avg consider lpa avg lpa good lpa max extra ordinary lpa max student let consider avg lpa lakh fee extra travel lakh hostel outsider lakh nri category student paid lakh hostel nri nri category joke man worst thing getting k month ★★★★★advice★★★★★ istead get another college outside gujarat like maharastrakarnatakatamil nadudelhi home city another option nirma college city gujarat,98,Negative
NIRMA interview for ipm,Please tell me what all should I prepare ,IPMATtards,2025-06-11 12:43:00,https://www.reddit.com/r/IPMATtards/comments/1l8ropy/nirma_interview_for_ipm/,8,pdeu electrical engineering placement academic pdeu year student academic relevant dont know cse like ee worst ever marketing ★★placement pdeu like thing right marketing real lpa many even got btw lpa highest lpa next level brain skill hardly student got lpa avg consider lpa avg lpa good lpa max extra ordinary lpa max student let consider avg lpa lakh fee extra travel lakh hostel outsider lakh nri category student paid lakh hostel nri nri category joke man worst thing getting k month ★★★★★advice★★★★★ istead get another college outside gujarat like maharastrakarnatakatamil nadudelhi home city another option nirma college city gujarat,100,Negative
NIRMA WAITLISTED,"My waitlisted number is 45 in all india category. Do you think ho jayega ? 
",IPMATtards,2025-06-27 04:04:17,https://www.reddit.com/r/IPMATtards/comments/1llkgkm/nirma_waitlisted/,7,nirma north indian might get dsnlu vishakhapatnamdbranlu sonipat hpnlu shimla mnlu aurangabad vacancy easily get nirma choose nirma college mentioned,20,Positive
nirma uni,"nirma offer letters are out!! congratulations to those who got in :)) 
to those who got in and are thinking of joining, lets connect and make an instagram group chat? ",IPMATtards,2025-06-26 10:36:41,https://www.reddit.com/r/IPMATtards/comments/1lkwt6u/nirma_uni/,7,nirma lower north indian might get dsnlu vishakhapatnamdbranlu sonipat hpnlu shimla mnlu aurangabad vacancy easily get nirma choose nirma college mentioned,21,Positive
Serious hun yaar... help me I'm in dilemma (MTech),"Nirma MTech me bhi admission hogya hai 
DAIICT MTech me bhi mil raha hai easily 

Kaha pe paise bharu aur kaha se refund lun abhi ??

My end goal is to get a good internship and placement. 

Bataa do agar koi jaanta ho toh ",daiict,2025-07-03 18:14:03,https://www.reddit.com/r/daiict/comments/1lqwogk/serious_hun_yaar_help_me_im_in_dilemma_mtech/,7,class student wanted know best collegeuniversity guj science specifically chemistry aiming industrial research chemistry gujarat atleast dont live guj research came know msu vadodara gu ahmedabad nirma university ahmedabad would best suitable one p background also aiming phd grinningfacewithsweat abroad bsc msc help,43,Positive
NIRMA PI TRANSCRIPT,"I got panel 4- two male panelists(one's camera was off the entire time).

P1- (my name), is it? 

Me- yes sir. 

P1- marks in 12th(for verification)

Me- *tells marks*

P1- ""you have not mentioned it anywhere"", *
       asks 12% then

P1- ""Introduce yourself""

- What subjects you had in 12th

- ""Tell me a concept you learned in PCM""
(I asked if I should mention any particular subject)

-""laws of thermodynamics""(answered)

-""difference between organic and inorganic 
       chemistry""(answered)  
                   
-""use of hcf's""(got all nervous and said I'm not 
       sure about it, ik such a basic question☠️)

-""what is differentiation""(answered)

-""what to we obtain after differentiating a function""(answered)

-""why nirma/why ipm""(answered)

-""that's it from my side, over to you(TO P2) sir""


-How is integration different from differentiation""

-""Application of integration""(answered)

-*a discussion based on my previous answer regarding cost function and marginal/ revenue functions* (answered)

-""to obtain marginal function from cost function, should we integrate or differentiate?""(answered)

[also he seemed to be a little bit involved with the bg noises in his room]

-""that's it from me, over to you sir(To P1)


P1- ""okay then, thankyou(my name), you may leave the meeting now"". 


*greeted and said thankyou and left the meeting*


The entire interview lasted for about 8-9 minutes. 


HOW DOES IT APPEAR TO HAVE WENT!!?!?!",IPMATtards,2025-06-18 07:56:56,https://www.reddit.com/r/IPMATtards/comments/1lebe9g/nirma_pi_transcript/,7,ipmat rohtak result got general female ofc short listed chance unis like nirma nalsar manipalmainbgl etc,16,Positive
Nirma Round 2 results declared!?,"title. (ece 2 rank aage gaya bas 1180)

https://preview.redd.it/f8k3ko2evg7f1.png?width=1433&format=png&auto=webp&s=64c290244b0c0039bb0f90e0cc10473b471ae828

yelo cutoffs\*",NirmaUniversity_Ahmd,2025-06-17 10:38:35,https://www.reddit.com/r/NirmaUniversity_Ahmd/comments/1ldjse9/nirma_round_2_results_declared/,7,nirma really worth got mail nirma first instalment paid rd julyfucking lac im confused get iim rohtak leave f get refund im currently doin bba local college govt college write cat anyway nirma worth joining continue bba dont get rohtak,40,Positive
CLAT,"CLAT 2026

Hey guys I am so confused 
CLAT exam is in like 5 months 
And i haven't even started yet 
Confused hu kaise start Karu
Kya karu
Papa has told me ki mere bhai ne Nirma se Kiya tha toh wahi se mein bhi kar lu kyunki ghar ke paas hai 
Please help me out 🙏🙏",clat,2025-06-24 09:06:48,https://www.reddit.com/r/clat/comments/1lj68v3/clat/,7,finding flat near nirma fair amount rent pay near nirma okay flat well pg please let know paying rn,19,Positive
Freshers alert!!!,"Let’s create a WhatsApp group of nirma’s first year students so that we can get connected before the college starts. Dm me ur numbers if interested

Also when u dm plzz text ur name and branch u are enrolled ",NirmaUniversity_Ahmd,2025-06-23 18:29:43,https://www.reddit.com/r/NirmaUniversity_Ahmd/comments/1lioe3g/freshers_alert/,7,placement pdeu cse nirma ece sorry asking reply pdeu subreddit ask average package pdeu cse nirma ece,17,Negative
Pdeu electrical engineering,"Pdeu 3 year student 
Academic is not relevant 
Don't know about cse but like Ee is worst then ever . there is only marketing 


★★PLACEMENT 
 pdeu 

Like only thing is right is marketing 
 .....  in REAL it is 4-4.5 lpa.. many even got btw 2.5-3.5 lpa highest is 8 lpa only if  you have next level brain and skills there are hardly 2-3 student got above 6.5 lpa


So if you are _______________________________________
[avg  Consider -4 lpa]_______________________________
[Above avg - 4.5-5 lpa]______________________________
[Good- 5.5 lpa max ]________________________________
[[Extra ordinary - 7-8 lpa max only( 2-3 students)]]___


Let consider you are above avg then________________
5 lpa against for___13.5 lakh fees + extra and travel 
___________________24 lakh with hostel (for outsider)
                                  
                                 26 lakh nri category students 
I paid-----------------  36 lakh with hostel Nri 
                                   

For nri category its a just a  joke man 



Is a very worst thing getting 35-40k / month 

★★★★★ADVICE★★★★★

Istead Get another college outside GUJARAT like in maharastra/karnataka/tamil nadu/delhi.  or in your home city another option is  nirma or other colleges in your city of Gujarat",pdpu,2025-06-24 09:22:35,https://www.reddit.com/r/pdpu/comments/1lj6hmb/pdeu_electrical_engineering/,7,nirma interview transcript started pm panelist male one cam initiated interview good morning sir skull sir good afternoon noon name sir taking interview ill start ok sir sir verified th mark asked much score toh calculate sir introduce introduces sir okay subject art stream answered sir well asking academic question honestly said havent revised answer wrong sir ok favourite subject english sir know well mathematical subject manage probably looked mark explains taught vector th didnt understand anything school teacher friend helped taught basic graph explanation why answered actually understood mentioned ive applying plan college asking derivation formula sir tell story poem anything read th grade yap tithonus written lord alfred tennyson sir greek mythology roman name god goddess differentiate roman greek mythology story sir ok tell line cant remember line tell take sir ok continue answered sir author write answered sir author greek wrote im sure definitely greece sir think style writing couldnt figure say said philosophical critical way writing questioned thing love allegory tithonus express grief went minute sir ok since history could tell history pre history ok sir history measured written different way example basis timeline bc ad talk archaeological literary source mention harappa indus valley civilisation ramayana mahabharata sir archaeological site bihar harappa sir mostly pakistan punjab haryana area sir tell name city mohenjo daro sir india im sure sir sir ok tell cultural developmental significance harappa got confused forgot harappa indus valley thing mentioned infrastructure cotton use sir cant sure khadi cotton use due much archaeological source yes wheat rice sure nod sir civilisation end there different different historian main one either river changed course flooded invaded sir okay let move political science ok sir sir explain type liberty flabbergasted already mentioned didnt revise answer wrong end explaining sovereignty type sir okay wrong nod sir sir take good afternoon sir sir good afternoon ill asking question economics okay sir sir economics answered sir law demand answered sir inverse relationship couldnt answer well sir ok tell difference elasticity demand law demand sir may minute sir sure still thinking sir ok think done asks sir previous sir yes done thats thank thank sir ended pm take longest interview ive ever given lol went ok even tho messed academic part,371,Positive
PDEU ELECTRICAL ENGINEERING PLACEMENT AND ACADEMICS,"Pdeu 3 year student 
Academic is not relevant 
Don't know about cse but like Ee is worst then ever . there is only marketing 


★★PLACEMENT 
 pdeu 

Like only thing is right is marketing 
 .....  in REAL it is 4-4.5 lpa.. many even got btw 2.5-3.5 lpa highest is 8 lpa only if  you have next level brain and skills there are hardly 2-3 student got above 6.5 lpa


So if you are _______________________________________
[avg  Consider -4 lpa]_______________________________
[Above avg - 4.5-5 lpa]______________________________
[Good- 5.5 lpa max ]________________________________
[[Extra ordinary - 7-8 lpa max only( 2-3 students)]]___


Let consider you are above avg then________________
5 lpa against for___13.5 lakh fees + extra and travel 
___________________24 lakh with hostel (for outsider)
                                  
                                 26 lakh nri category students 
I paid-----------------  36 lakh with hostel Nri 
                                   

For nri category its a just a  joke man 



Is a very worst thing getting 35-40k / month 

★★★★★ADVICE★★★★★

Istead Get another college outside GUJARAT like in maharastra/karnataka/tamil nadu/delhi.  or in your home city another option is  nirma or other colleges in your city of Gujarat",pdpu,2025-06-24 09:22:18,https://www.reddit.com/r/pdpu/comments/1lj6hgk/pdeu_electrical_engineering_placement_and/,7,pdeu electrical guide pdeu year student academic relevant dont know cse like ee worst ever marketing ★★placement pdeu like thing right marketing real lpa many even got btw lpa highest lpa next level brain skill hardly student got lpa avg consider lpa avg lpa good lpa max extra ordinary lpa max student let consider avg lpa lakh fee extra travel lakh hostel outsider lakh nri category student paid lakh hostel nri nri category joke man worst thing getting k month ★★★★★advice★★★★★ istead get another college outside gujarat like maharastrakarnatakatamil nadudelhi home city another option nirma college city gujarat,98,Negative
Any nirma ipm students??,"Do they ask academics in the interview?

Is there a micropresentation round?",IPMATtards,2025-06-11 12:18:51,https://www.reddit.com/r/IPMATtards/comments/1l8r6kp/any_nirma_ipm_students/,7,need suggestion yes read right really fluke th grade badly cliche health issue throughout th grade like affected typhoid x way go eye infection week ddays wont say would scored anything yea surely wasnt bad devastated result hence improvement latter part know grade got tried best anyways graduated last month bba marketing wan na pursue master marketing know gon na joining tier even school gnem even good cat score thats aiming school like welingkar fore nirma etc try make disappointing grade try find internshipjob preparation already internship please leave wisdom might helpful fyi exam option might go abroad dont get overall job prospect investment damn sorry rant cum request suggestion,110,Positive
NIRMA OR T3,"I am a north Indian and I might get DSNLU, Vishakhapatnam,DBRANLU Sonipat, HPNLU Shimla, MNLU Aurangabad in vacancies. I can easily get Nirma so what should I choose between Nirma and the colleges mentioned above?? ",clat,2025-05-31 07:35:21,https://www.reddit.com/r/clat/comments/1kzrf2p/nirma_or_t3/,7,nirma electrical india merit rank kitna jayega finally st mein hai last year pe close hua tha wo usme jee rank bhi gai thi na,25,Negative
NIRMA OR Lower T3???,"I am a north Indian and I might get DSNLU, Vishakhapatnam,DBRANLU Sonipat, HPNLU Shimla, MNLU Aurangabad in vacancies. I can easily get Nirma so what should I choose between Nirma and the colleges mentioned above?? ",NLUs,2025-05-31 07:36:44,https://www.reddit.com/r/NLUs/comments/1kzrfrg/nirma_or_lower_t3/,7,chance nirma board last year mark gujcet last year ile jee decided take drop prioritize mental health study stopped studying end getting ile jee mark gujceti ran time gujcet paper thats math mai question ese hi chhoot gye board mai last year fir improvement dia tha june mai got thats koi percentile nhi h board ki gujcet mai ile hai iss baar acpc mai jee ka result bhi maangte h mere ek friend ne bola ki jee ke agar admission chahiye alag se apply krna padta h missed date ab kya option h nirma ke still chance,97,Negative
Class 12 student here! Wanted to know best college/university in Guj for sciences specifically in Chemistry?,"I am aiming for industrial research in chemistry.
I am not from Gujarat (atleast I don't live in Guj). And from my research I came to know about MSU Vadodara, GU Ahmedabad and Nirma University Ahmedabad. Which would be best suitable one.

Ps: for more background I am also aiming to do phD 😅, but from abroad but for Bsc and Msc, help me with that...",vadodara,2025-06-09 12:41:21,https://www.reddit.com/r/vadodara/comments/1l73rfu/class_12_student_here_wanted_to_know_best/,7,urgent help needed please help ajj fee withdrawal ka last din hai getting electrical nirma ict pdeu interested cse personally withdrawal karna worth rahega nirma se,26,Positive
IPMAT ROHTAK RESULTS!!!,got 306 general female. ofc not short listed but what are the chances of unis like nirma nalsar manipal(main/bgl) etc??,IPMATtards,2025-05-27 12:06:36,https://www.reddit.com/r/IPMATtards/comments/1kwlk3e/ipmat_rohtak_results/,7,nirma mtech daiict mtech bhayi placement kaha pe achi hai woh inside reality wale didi kaha gye please bata dooo,20,Neutral
random q but r there baddies in nirma 💀💀(give actual answer),,NirmaUniversity_Ahmd,2025-07-02 12:35:57,https://www.reddit.com/r/NirmaUniversity_Ahmd/comments/1lpupkl/random_q_but_r_there_baddies_in_nirma_give_actual/,6,clat hey everyone clat aspirant want admission nirma university institute law got know clat within month possibility start preparing able get nirma university institute law,25,Positive
Nirma really worth it,"I got an mail from nirma and the first instalment to be paid by 3rd July(fucking 2 lacs), I'm confused that if I get Iim rohtak I will leave it Fs but will I get refund? And I'm currently doin BBA from a local college govt college and I will write CAT anyway So, is nirma worth joining or should I continue my BBA if I don't get Rohtak?",IPMATtards,2025-06-27 09:02:42,https://www.reddit.com/r/IPMATtards/comments/1llp66i/nirma_really_worth_it/,6,new iiits v private college ew rank crl jee main advanced ew k crl good get dream college low cant get decent college little confused wether choose new iiits like punebhopaltrichyvadodara suratetc get top private college stategujarat like nirma studying iiit please let know campus life many say worst strictly want cseaimlec similar branch view poll,56,Negative
Finding a flat near Nirma,"What is the fair amount of rent I should pay near Nirma. I am okay with flat as well as pg.

Please let me know what you all are paying rn.",NirmaUniversity_Ahmd,2025-06-24 14:30:16,https://www.reddit.com/r/NirmaUniversity_Ahmd/comments/1ljcmai/finding_a_flat_near_nirma/,6,nirma nrisea girlies hii im girl thinking joining mechanical engineering nirma girl joining thru nri seaciwgc category course doesnt tech pm tqqq anddd existing student hows student life hope bollywood fun overwhelming academic tip would great,36,Positive
How are placements in PDEU CSE and Nirma ECE?,"Sorry for asking this here, there was no reply on pdeu subreddit, so I had to ask it here. What is the average package of pdeu cse and nirma ece?",NirmaUniversity_Ahmd,2025-06-26 14:14:22,https://www.reddit.com/r/NirmaUniversity_Ahmd/comments/1ll17pz/how_are_placements_in_pdeu_cse_and_nirma_ece/,6,preparing clat nirma anyone prepared clat nirma planning give another shot clat also opting nirma backup problem good coaching institute clat near clg even ahmedabad also percent attendance policy clg want know someone manage overcome situation nirma clgplease dm u really need soem guidance upvotedownvotego commentsshare,46,Positive
Any idea when will nirma announce the merit list for ipm ?,And is there a second merit list?,IPMATtards,2025-06-20 12:38:07,https://www.reddit.com/r/IPMATtards/comments/1lg2xr5/any_idea_when_will_nirma_announce_the_merit_list/,6,college selection help f ew rank need genuine advice hi everyone ’ f student currently exploring college option jee main ew rank around ’ trying make wellinformed decision—roi important ’ taking loan ’ ’ considering thapar university – ece possible fee high keeping backup sure roi loan mind jac delhichandigarh – might get ece college like nsut dtu uiet need clarity placement student life nirma university – decent private option sure compare thapar jac college josaa counselling – definitely participate open lower nit go branch change later realistic priority good roi due education loan strong placement preferably cseece possibility upgrading better branch institution balanced campus life help insight experiencebased advice would super appreciated thanks advance,115,Negative
Nirma interview transcript,"Started at 3:33 pm.

2 panelists, both male, one had cam off who initiated the interview.

Me: good morning sir (💀)

Sir: good afternoon noon *my name*, me and sir will be taking your interview and I'll start it.

Me: ok sir

Sir: *verified 12th marks*

Me: *asked how much did I score out of 500 toh I had to calculate)

Sir: introduce yourself 

Me: *introduces*

Sir: okay, what were your subjects in arts stream?

Me: *answered*

Sir: we'll be asking academic questions too.

Me: *honestly said I haven't revised and I can answer wrong*

Sir: ok, what is your favourite subject?

Me: English 

Sir: you know we'll have mathematical subjects too. How will you manage that? (He probably looked at my marks)

Me: *explains about how we were taught vectors in 12th but I didn't understand anything by my school teacher and my friend helped me and taught it to me from the very basic with graphs and explanations and my whys answered and i actually understood it. I mentioned how I've been applying it and plan to do so in college too, asking why this and that and derivations for formulas*

Sir: can you tell me any story or poem or anything you read in 12th grade?

Me: *yaps about tithonus written by lord alfred Tennyson*

Sir: is it greek mythology or roman?

Me: it's both because the names of the gods and goddesses differentiate in roman and Greek mythology but the story is same.

Sir: ok tell me a few lines of it

Me: I can't remember the lines but I can tell you what it was about and my take of it.

Sir: ok continue 

Me: *answered*

Sir: why did the author write it?

Me: *answered*

Sir: was the author greek is that why he wrote it?

Me: I'm not so sure where he was from but definitely not from Greece.

Sir: what do you think was his style of writing?

Me: *couldn't figure out what to say so I said he had a philosophical and critical way of writing where he questioned things and how I love the allegory of tithonus to express his grief*

(This went on for about 7 minutes)

Sir: ok since you had history could you tell me about history, pre history and so on?

Me: ok sir, history is measured and written in different ways, for example on the basis of timeline we have BC and AD. *Then I talk about archaeological and literary sources and mention Harappa and Indus valley civilisation and ramayana and Mahabharata*

Sir: are there any archaeological sites in Bihar of Harappa?

Me: no sir, they were mostly in Pakistan and Punjab Haryana area.

Sir: tell me a few names of the cities in it

Me: mohenjo daro 

Sir: in India?

Me: im not so sure sir

Sir: ok tell me some cultural and developmental significance of Harappa

Me: *I got confused and forgot Harappa and Indus valley is the same thing, i mentioned infrastructure and cotton's use*

Sir: we can't be so sure of khadi and cotton's use due to not much archaeological sources but yes they had wheat and rice for sure

Me: *nods*

Sir: why did the civilisation end?

Me: there's different by different historians but main 2 ones are that either the river changed course or flooded or they were invaded.

Sir: okay let's move on to political science

Me: ok sir

Sir: explain the 2 types of liberty

Me: *flabbergasted* (I had already mentioned I didn't revise so I can answer wrong). I end up explaining sovereignty of 2 types.

Sir: okay it's wrong.

Me: *nods*

Sir: now *the other* sir will take over.

Me: good afternoon sir

Sir: good afternoon, I'll be asking questions from economics.

Me: okay sir

Sir: what is economics 

Me: *answered*

Sir: what is law of demand*

Me: *answered*

Sir: why the inverse relationship?

Me: *couldn't answer well*

Sir: ok tell me the difference between elasticity of demand and law of demand

Me: sir may I have a minute 

Sir: sure

Me: *still thinking*

Sir: ok i think we're done, *asks the other sir*

Previous sir: yes we're done. That's it, thank you :)

Me: thank you sir


Ended at 3:52 pm.

My take: longest interview I've ever given lol, went ok, even tho i messed up the academic part.",IPMATtards,2025-06-17 11:15:19,https://www.reddit.com/r/IPMATtards/comments/1ldkf8y/nirma_interview_transcript/,6,need suggestion ece branch hello guy done diploma computer engineering admision process running acpc want know join ece nirma con pro campus facility lab,24,Neutral
When will Nirma interview results for all India Students be released?,Title ,IPMATtards,2025-06-18 11:48:37,https://www.reddit.com/r/IPMATtards/comments/1lef13k/when_will_nirma_interview_results_for_all_india/,6,evd future prospect daiict senior please help dont really much interest evd im getting great college anyway daiict great reputation excellent peer group evd course future prospect branch pay fee lakh soon please help im really much keen evd best option nirma c electrical svnit suggestion welcomed,47,Positive
Pdeu electrical guide,"Pdeu 3 year student 
Academic is not relevant 
Don't know about cse but like Ee is worst then ever . there is only marketing 


★★PLACEMENT 
 pdeu 

Like only thing is right is marketing 
 .....  in REAL it is 4-4.5 lpa.. many even got btw 2.5-3.5 lpa highest is 8 lpa only if  you have next level brain and skills there are hardly 2-3 student got above 6.5 lpa


So if you are _______________________________________
[avg  Consider -4 lpa]_______________________________
[Above avg - 4.5-5 lpa]______________________________
[Good- 5.5 lpa max ]________________________________
[[Extra ordinary - 7-8 lpa max only( 2-3 students)]]___


Let consider you are above avg then________________
5 lpa against for___13.5 lakh fees + extra and travel 
___________________24 lakh with hostel (for outsider)
                                  
                                 26 lakh nri category students 
I paid-----------------  36 lakh with hostel Nri 
                                   

For nri category its a just a  joke man 



Is a very worst thing getting 35-40k / month 

★★★★★ADVICE★★★★★

Istead Get another college outside GUJARAT like in maharastra/karnataka/tamil nadu/delhi.  or in your home city another option is  nirma or other colleges in your city of Gujarat",PDEUofficial,2025-06-24 08:09:45,https://www.reddit.com/r/PDEUofficial/comments/1lj5e3a/pdeu_electrical_guide/,6,converted imt ghaziabad financial management pgdm confused hello everyone hope well im currently studying nirma university week im considering joining pgdm financial management program imt ghaziabad asked u submit lakh evening lakj july maybe apply vijaylakshmi similar loan get would extremely grateful could spare minute share experience—particularly placementssame core different teaching quality career prospect course weak point th please consider th ug cat year gap really could use insight informed decision making worth leave nirma get loan fast biggest fear left option,82,Negative
Need some suggestions. 4/6/7,"Yes, you read that right. I really did fluke my 10th grade that badly. Cliche but had health issues throughout the 10th grade like being affected with typhoid x2 (way to go) and an eye infection just 2 weeks before the d-days. I won't say that I would have scored 90 or anything but yea I surely wasn't that bad.

I was devastated after the results and hence the improvement in the latter part (i know it's not the grades that most of you got but tried my best) Anyways, Graduated last month in BBA (marketing). I wanna pursue my masters in marketing, I know I am not gonna be joining any tier-1 or even 2 schools as a GNEM even with a good CAT score and that's why I am aiming for schools like welingkar, fore, nirma, etc.

To try to make up for that disappointing grades, I will try to find an internship/job while preparation (already did 1 internship). Please leave some wisdom that might be helpful for me. FYI- Other exams are not an option for me and I might go abroad if I don't get into any of those but the overall job prospect and investment is just DAMN.

Sorry for the rant cum request for some suggestions>",MBAIndia,2025-06-20 15:51:50,https://www.reddit.com/r/MBAIndia/comments/1lg7fxy/need_some_suggestions_467/,6,totally confused help bhavesh bhaiya basically applied nirma tapmi backup option got email horrible thing nirma asked pay acceptance rd tapmi sent mail fill interest form yesterday scored jipmat obc guy totally confused fill nirma tapmi nirma asking pay provide amount refund july asking lakh r tapmi asfaik asking whole semester fee bhaiya wait bg jammu able get iim bg jammu pay nirma tapmi im telling interview got selected every interview non math amritsar shillong score totally depends upon interview help figure bhaiya really confused,85,Negative
Nirma,Expected nirma  cut off sectional wise this year???,IPMATtards,2025-06-05 14:17:32,https://www.reddit.com/r/IPMATtards/comments/1l40caa/nirma/,6,nirma ei v ld ec might getting nirma ei second round ld ec pakka mil jayega nirma mechanical first round mil gaya nirma campuscollege v ld ecbranch,27,Negative
Nirma,,ClassicDesiCelebs,2025-06-05 00:22:49,https://i.redd.it/wc81845o505f1.jpeg,6,clat hey guy confused clat exam like month havent even started yet confused hu kaise start karu kya karu papa told ki mere bhai ne nirma se kiya tha toh wahi se mein bhi kar lu kyunki ghar ke paas hai please help foldedhands foldedhands,45,Negative
Nirma electrical all india merit rank kitna jayega finally??,"1st mein 2951 hai last year 3905 pe close hua tha ???
Wo usme jee rank bhi to 2,50,000 gai thi na ??",NirmaUniversity_Ahmd,2025-06-05 22:21:34,https://www.reddit.com/r/NirmaUniversity_Ahmd/comments/1l4cfc0/nirma_electrical_all_india_merit_rank_kitna/,6,iim k bmsat attempted va qa clue accuracy va pretty easy qa maybe shot general female ’ really scared ’ clear indore missed rohtak question got tapmi gave pi nirma shot seeing everyone predict cutoff high crazy,37,Negative
CAN I HAVE A CHANCE FOR NIRMA,"so i had 76% in boards last year and 88 marks in gujcet last year ... and 95.67%ile in jee and i decided to take drop, i prioritize my mental health over studies and stopped studying and end up getting 93.25%ile in jee and 67 marks in gujcet(i ran out of time in gujcet paper and thats why maths mai 15-20 questions ese hi chhoot gye) ... boards mai last year 74% the to fir improvement dia tha june mai and got 76% ... thats why koi percentile nhi h boards ki ... gujcet mai 75.1%ile hai iss baar and acpc mai jee ka result bhi maangte h BUT MERE EK FRIEND NE BOLA KI JEE KE THROUGH AGAR ADMISSION CHAHIYE TO ALAG SE APPLY KRNA PADTA H AND I MISSED THE DATE OF IT !!!! ab kya options h nirma ke??? do i still have chance?",ahmedabad,2025-05-29 20:01:23,https://www.reddit.com/r/ahmedabad/comments/1kyklzl/can_i_have_a_chance_for_nirma/,6,placement nirma institute design joined nirma university starting st july idk alot placement design course never mentioned enough wanted know past student design programme nirma actually good design,28,Positive
Does nmims have good placements? Also between NMIMS and NIRMA which have better placements?,.,clat,2025-05-24 14:39:47,https://www.reddit.com/r/clat/comments/1kud5wd/does_nmims_have_good_placements_also_between/,6,help waitlisted second round nri rank par bhi ’ get anything time nirma nri ke got mech possible also chance c ict ece pdeu,24,Negative
please suggest good PGs next to nirma (not hostel),,NirmaUniversity_Ahmd,2025-07-03 07:01:55,https://www.reddit.com/r/NirmaUniversity_Ahmd/comments/1lqj1w6/please_suggest_good_pgs_next_to_nirma_not_hostel/,5,koi nirma hai toh batana maine dpharm ke liye apply kiya direct addmission procedure hai unke website se toh isme sirf ek round hoti hai counselling ke ya nd rd bhi hota hai,33,Negative
How is nirma for mca ??,"
",NirmaUniversity_Ahmd,2025-06-29 06:26:16,https://www.reddit.com/r/NirmaUniversity_Ahmd/comments/1ln7v0q/how_is_nirma_for_mca/,5,nirma dual degree anyone idea dual degree course offered nirma got shortlisted havent heard course anywhere,16,Neutral
Urgent help needed.. Please help,"So ajj fees withdrawal ka last din hai.. 
And i am getting electrical in nirma and ict in pdeu 
I am interested in cse personally..!! 
So withdrawal karna worth rahega? Nirma se 
",NirmaUniversity_Ahmd,2025-07-05 16:28:09,https://www.reddit.com/r/NirmaUniversity_Ahmd/comments/1lsdtp4/urgent_help_needed_please_help/,5,pgs near nirma hello karnavati people soon joining nirma clg anyone suggest good pgs live student near nirma clg also anyone life sardardham plz write comment backhandindexpointingdownlightskintone wan na ask thing regarding sardardham,33,Positive
nirma mtech or daiict mtech ?,"bhayi placement kaha pe achi hai ?   
woh inside reality wale didi kaha gye ? please bata dooo",daiict,2025-06-27 14:00:13,https://www.reddit.com/r/daiict/comments/1llumpe/nirma_mtech_or_daiict_mtech/,5,apply still ipmat indore ipmat rohtak jipmat ile th th decent ecas applied nirma nicmar iims chance seem slim due mcq score considering finance problem backup college whose form still open edit gen male commercemaths background,36,Positive
CLAT 2026,"Hey everyone 
I am a CLAT aspirant 
I want admission in Nirma University institute of law 
And i just got to know that CLAT is within 5 months 
So is there a possibility of i start preparing now 
Will I be able to get Nirma University institute of law ",clat,2025-06-27 12:30:18,https://www.reddit.com/r/clat/comments/1llsnkx/clat_2026/,5,backup option jipmatgen female indore rohtak suggest good college apply backup option nirma good today last date registration also apply nmims ipm,22,Positive
NIRMA University IPMAT Cutoff 2025 Expected,,CATPrep,2025-06-19 04:08:41,https://coachingdaddy.com/nirma-university-ipmat-cutoff-2025-expected-know-admission-process-selection-criteria-previous-year-cutoff/,5,dont get iims would nirma good option id give ipmat though next yearand even doesnt work ill start preparing cat backup nirmas bbamba program good im okay curriculum attendence criterion strict btw score,33,Positive
Nirma interview 16th june,Those who are done with the interview please share transcript of your PI...,IPMATtards,2025-06-16 09:46:43,https://www.reddit.com/r/IPMATtards/comments/1lcon9m/nirma_interview_16th_june/,5,general get nirma rank fell even increase mark get admission nirma bcom bba please help,15,Negative
New IIIT(s) vs private college,"My ews rank is 549* and crl 39,61*(jee main).
And advanced (~3500 ews and 24k crl)
It's not that good that I can get my dream college but not that low that I can't get a decent college.

So I am little confused wether to choose new IIITs like pune,bhopal,trichy,vadodara, surat,etc or I can get top private college in my state(Gujarat) like NIRMA.

Those who are studying in IIIT s please let me know about the campus life as many say that it's worst

I strictly want CSE,AIML,EC or similar branch.


[View Poll](https://www.reddit.com/poll/1lfidly)",JEE,2025-06-19 18:34:55,https://www.reddit.com/r/JEE/comments/1lfidly/new_iiits_vs_private_college/,5,rant hoga ab toh ab dimak ka b hora h mera loudlycryingface mark aaye hain ipmat christ diya nahi symbosis aaye hain board mein pcm leke lag gaye board percentage ke cuet ke liye darr lagra h th math weak h gat aur english milake ban jayenge ab uske aage kya tapmi ka form bhara h lekin lakh worth hain ya nahi smjh nii aara nirma ka bba honour usi saal start hoga placement ka idea nahi h plus fee udhar bhi lakh symbiosis noida milra h udhar ka average placement lakh h ba usme bhi sale vale aare hain bml munjal ya bennett ka option explore karu atleast paisa bach jaye maybe loudlycryingface,114,Negative
Nirma NRI/SEA 2025 girlies!!,"hii im a girl thinking of joining mechanical engineering in 2025 in nirma. any other girls joining thru the NRI or SEA/CIWGC category in any course? doesn't have to be tech!! pm me tqqq

ANDDD for the existing students, HOWS THE STUDENT LIFE?? can we have hopes for the Bollywood fun or is it too overwhelming with academics? any tips would be great!",NirmaUniversity_Ahmd,2025-06-01 06:25:10,https://www.reddit.com/r/NirmaUniversity_Ahmd/comments/1l0i5x3/nirma_nrisea_2025_girlies/,5,work part time professor college like nirma gnlu tier college thinking academia backup option q suppose freelancing assist lawyer work lpo teaching hour allowed also much undergrad college tag matter want go academia llm good uni tier college dont pay per requirement ugc heard give official amount ask prof give amount money back academia good backup option,57,Positive
preparing for clat from nirma,"has anyone prepared for clat from nirma ..i am planning to give another shot for clat and also opting for nirma as backup .The problem is there is no good coaching institute for clat near the clg or even in ahmedabad also there is 80 percent attendance policy in clg .So i want to know is there someone who manage to overcome this situation in nirma clg...please dm me if u have i really need soem guidance

Upvote1Downvote0Go to commentsShare",NirmaUniversity_Ahmd,2025-05-21 15:55:03,https://www.reddit.com/r/NirmaUniversity_Ahmd/comments/1ks1d0y/preparing_for_clat_from_nirma/,5,nirma university nirma university consider sectional cuttofs ipmat college consider sectional cuttofs,12,Neutral
NIRMA,When will nirma start its admission process? If you have any idea then please tell.,clat,2025-05-17 15:17:36,https://www.reddit.com/r/clat/comments/1kovef0/nirma/,5,evd daiict v cse nirma senior please help dont really much interest evd im getting great college anyway daiict great reputation excellent peer group evd course future prospect branch pay fee lakh soon please help im really much keen evd best option nirma c electrical svnit suggestion welcomed,48,Positive
"College Selection Help | F18 | EWS Rank ~28,000 | Need Genuine Advice!","Hi everyone! I’m an F18 student and currently exploring my college options after JEE Mains. My EWS rank is around 28,000, and I’m trying to make a well-informed decision—ROI is important as I’ll be taking a loan.

Here’s what I’m considering:

Thapar University – ECE possible, but the fees are high. Keeping it as a backup for now. Not sure about ROI with the loan in mind.

JAC Delhi/Chandigarh – Might get ECE at colleges like NSUT, DTU, or UIET. Need clarity on placements and student life.

NIRMA University – Decent private option, but not sure how it compares to Thapar or JAC colleges.

JoSAA Counselling – Will definitely participate. Open to lower NITs if I can go for branch change later (is that realistic?).


Priorities:

Good ROI (due to education loan)

Strong placements (preferably in CSE/ECE)

Possibility of upgrading to better branches or institutions

Balanced campus life


Any help, insights, or experience-based advice would be super appreciated! Thanks in advance!",btech,2025-05-27 06:14:39,https://www.reddit.com/r/btech/comments/1kwg622/college_selection_help_f18_ews_rank_28000_need/,5,urgentnirma ipm v tapmi ipm institute would better choice ipm nirma tapmi would kind someone list point comparison looked package highest package nirma seems better,25,Positive
Need suggestion for ECE branch,"Hello guys I had done diploma in computer engineering and admision process is running through ACPC. I just want to know that if I join ECE in nirma then what are cons and pros about campus, facilities and Labs.",NirmaUniversity_Ahmd,2025-07-06 11:21:53,https://www.reddit.com/r/NirmaUniversity_Ahmd/comments/1lsyvs7/need_suggestion_for_ece_branch/,4,nirma mtech applicant bhenchod seat ke liye logo ne apply kiya hai fuckkkk sabko yahi aana hai kyaaa explodinghead explodinghead mtech cse overcrowdedddd,23,Neutral
Nirma mails out??,same as title,IPMATtards,2025-06-26 09:30:37,https://www.reddit.com/r/IPMATtards/comments/1lkvr3f/nirma_mails_out/,4,nirma waitlist many guy got offer letter planning join nirma please comment know chance foldedhands,15,Positive
Nirma ECE review plz,,NirmaUniversity_Ahmd,2025-06-24 09:22:47,https://www.reddit.com/r/NirmaUniversity_Ahmd/comments/1lj6hqf/nirma_ece_review_plz/,4,nirma waitlist number say mail informed status admission july mean second list issued july also thala reason,17,Neutral
EVD future prospects in DAIICT,Seniors please help me out. I don't really have much interest in EVD. But I'm not getting any great colleges anyway. And DAIICT has a very great reputation and excellent peer group. How is the EVD course? And what are the future prospects of this branch. And I have to pay the fees - 2 lakh soon so please help out as I'm not really much keen about EVD. The other best options I have are : nirma cs and electrical at SVNIT. Any suggestions are welcomed.,daiict,2025-07-03 18:18:48,https://www.reddit.com/r/daiict/comments/1lqwspp/evd_future_prospects_in_daiict/,4,nirma uni hostel anyone offered hostel integrated mba programme providing hostel facility idea,13,Neutral
"Converted IMT Ghaziabad Financial Management PGDM, confused","Hello everyone, I hope you all are doing well.

 I'm currently studying at Nirma University(1.5 weeks). I'm considering joining the PGDM (Financial Management) program at IMT Ghaziabad. They asked us to submit 1 lakh by evening and 11 lakj by 10 of July (Maybe I should apply for Vijaylakshmi or similar loan? Will I get it before 10?)

 I would be extremely grateful if you could spare a few minutes to share your experience—particularly about the placements(same as core or different?), teaching quality, and career prospects after the course. I have a weak point of having 68.83 in 10th, so please consider that. (76 in 12th, 8.76 in UG and 96.07 in CAT with 2 years gap)

I really could use your insights for an informed decision making.

Is it worth it to leave NIRMA for it? Will i get loan that fast? My biggest fear is not being left with any option ",CATpreparation,2025-07-02 02:46:09,https://www.reddit.com/r/CATpreparation/comments/1lpkty0/converted_imt_ghaziabad_financial_management_pgdm/,4,nirma v nmims ive offered admission nmims bba main mumbai campus well nirma bbamba integrated advice go,17,Positive
Totally Confused Help me Bhavesh Bhaiya,"So basically i had applied for nirma and tapmi as my backup option and I got email from both of them and the horrible things is that nirma asked to pay the acceptance few before 3rd and tapmi sent mail to Fill the interest form yesterday 


And I scored 256 in jipmat (OBC GUY) i m totally confused what to do should I fill the nirma or tapmi nirma is asking to pay before 3 and they will provide 90% amount if I refund before 21 july but it's asking 2 lakh rs and tapmi asfaik they are asking whole semester fees


What to do bhaiya should I wait for bg jammu will I be able to get into iim bg or jammu or should I pay nirma or tapmi 


I'm not telling about my interview I got selected in every interview (non maths) so no amritsar and shillong but the score is 140 so it totally depends upon my interview.

Help me figure it out bhaiya really confused ",IPMATtards,2025-06-30 03:25:16,https://www.reddit.com/r/IPMATtards/comments/1lnxe7x/totally_confused_help_me_bhavesh_bhaiya/,4,tapmi nirma got wan na bba mbafrom clgs better tapmis bba bangalore nirma ipm,14,Positive
Nirma EI vs LD EC,"I might be getting nirma EI in second round.
Ld EC pakka mil jayega.
Nirma mechanical first round me mil gaya
Nirma campus(college) vs LD EC(branch)",NirmaUniversity_Ahmd,2025-06-20 07:48:59,https://www.reddit.com/r/NirmaUniversity_Ahmd/comments/1lfy7u5/nirma_ei_vs_ld_ec/,4,introduce hey guy navya ’ imba program nirma session let ’ connect feel free introduce ask query,17,Positive
CLAT 2026,"Hey guys I am so confused 
CLAT exam is in like 5 months 
And i haven't even started yet 
Confused hu kaise start Karu
Kya karu
Papa has told me ki mere bhai ne Nirma se Kiya tha toh wahi se mein bhi kar lu kyunki ghar ke paas hai 
Please help me out 🙏🙏",clat,2025-06-24 05:10:38,https://www.reddit.com/r/clat/comments/1lj2mc4/clat_2026/,4,welcome imba batch hey community imba fresher session nirma university ahmedabad let ’ connect network see also dm insta gc link,21,Positive
IIM K BMSAT,"So I attempted 48 in va and 25 in qa. No clue about accuracy in va but it was pretty easy and in qa 22/23 maybe. Do I have a shot as a general female
I’m really scared as I didn’t clear Indore and missed Rohtak by 3 questions and I got in tapmi and gave pi for Nirma so this is my only shot and seeing everyone predict cutoffs so high is crazy ",IPMATtards,2025-06-23 07:00:33,https://www.reddit.com/r/IPMATtards/comments/1li9yss/iim_k_bmsat/,4,nmims v nirma university ive offered admission nmims bba main mumbai campus well nirma bbamba integrated advice go,18,Positive
dm me for nirma ece whatsapp group freshers,i’ll add you just dm me send your number ,NirmaUniversity_Ahmd,2025-06-14 17:20:03,https://www.reddit.com/r/NirmaUniversity_Ahmd/comments/1lbdxly/dm_me_for_nirma_ece_whatsapp_group_freshers/,4,nirma r ye kya ho rha ece aage kyu nhi ja rha tt,13,Neutral
How are the placements of Nirma Institute of Design,I have joined nirma university and starting from 1st july but idk alot about the placements of their design course because they never mentioned enough about it so I wanted to know from any past students of design programme if Nirma is actually good for Design.,NirmaUniversity_Ahmd,2025-06-10 06:39:06,https://www.reddit.com/r/NirmaUniversity_Ahmd/comments/1l7rvwg/how_are_the_placements_of_nirma_institute_of/,4,nmims mumbai nirma bba selected nmims mumbai course bba also nirma uni bba take,14,Neutral
Nirma ece lateral entry/D2D tips or guidance,,NirmaUniversity_Ahmd,2025-06-08 10:05:01,https://www.reddit.com/r/NirmaUniversity_Ahmd/comments/1l68npf/nirma_ece_lateral_entryd2d_tips_or_guidance/,4,serious hun yaar help im dilemma mtech nirma mtech bhi admission hogya hai daiict mtech bhi mil raha hai easily kaha pe paisa bharu aur kaha se refund lun abhi end goal get good internship placement bataa agar koi jaanta ho toh,42,Positive
Help!! Waitlisted in second round..!!?,"Nri rank 235 par bhi Didn’t get anything. And at the same time nirma nri ke through got mech. How is that possible?? Also is there any chance of CS, ICT or ECE in pdeu? ",pdpu,2025-06-16 07:22:19,https://www.reddit.com/r/pdpu/comments/1lcmk15/help_waitlisted_in_second_round/,4,evd v cse comparison senior please help dont really much interest evd im getting great college anyway daiict great reputation excellent peer group evd course future prospect branch pay fee lakh soon please help im really much keen evd best option nirma c electrical svnit suggestion welcomed,47,Positive
If koi nirma me hai toh batana,Maine d.pharm ke liye apply kiya direct addmission procedure hai unke website se.. toh isme sirf ek he round hoti hai counselling ke? Ya 2nd 3rd bhi hota hai?,ahmedabad,2025-06-06 12:24:51,https://www.reddit.com/r/ahmedabad/comments/1l4r2y5/if_koi_nirma_me_hai_toh_batana/,4,nirma interview nirma interview folk average mark ipmat indore selected koi ye mat bolna ki mark pe nirma kyu jara hai ba back hai bhai isliye poochra hu jab merko saare question yaad aajaenge order tab ek question ki post bhi kardunga kya kya poocha unhone,46,Negative
Nirma dual degree,"does anyone have any idea on the 2+2 dual degree course offered by nirma as i got shortlisted for it, i havent heard about that course anywhere.",NirmaUniversity_Ahmd,2025-06-01 14:14:06,https://www.reddit.com/r/NirmaUniversity_Ahmd/comments/1l0pyfd/nirma_dual_degree/,4,nirma pi transcript two male panelist one camera megood morning sir p good morning name p tell many mark score th grade p let start brief introduction answered p thats side p take p tell favourite subject th english economics p let start economics tell law dmu indifference curve related contrasting defined mightve fumbled relationship p tell whats monopolistic market started yapping monopoly market p think youve confused monopoly monopolistic market sorry sir p suppose two teammate group project adamant working whatd go senior answered p thats side p okay tell three current affair youve read recently answered rd point iranisrael conflict p tell leader nation im sorry im aware p problem thats p may leave meeting thankyou sir good afternoon overall one chill think one wasnt fine,128,Positive
Nirma,,ClassicDesiBeauties,2025-05-28 07:11:27,https://i.redd.it/tb9mm88a3h3f1.jpeg,4,plz help nirma rd round kya ab koi offline round ya vacant round hoga branch upgradation agr hoga kya process rahega,21,Negative
Pgs near nirma,"Hello karnavati people.
I am soon joining nirma clg so can anyone suggest good pgs to live as a Student near nirma clg.
Also if anyone lives in sardardham then plz write in comments👇🏻 I wanna ask few things regarding sardardham.",ahmedabad,2025-05-27 10:58:10,https://www.reddit.com/r/ahmedabad/comments/1kwkbxv/pgs_near_nirma/,4,nirma pi transcript th june panel male panelist spoke time p introduce hobby asked abt one painting fav subject math fav part said integral differntiation regardless whether get an enjoy lmao sir also smiled relation integration differentiation us p– nirma integrated program btech mba prior experience coding ai used real world since said studied ai th th previous ques heard ml differentiate unsupervised supervised learning p– option registering cse mba mba choose second option explained physic great think physic wont used csi said extent mech part math think used yhe cse answered asks calc said dont much exp cse im completely aware sorry thats took exactly min skull edit meant write th june sorry,114,Positive
Where can I apply still??,"IPMAT Indore - 24/7/125  
IPMAT Rohtak - 375  
JIPMAT - 295 97.25 %ile  
10th and 12th - 94% , 94%  
Decent ECAs

applied to Nirma and Nicmar and all IIMs but chances seem slim due to mcq score...  considering finances are not a problem what are other backup colleges whose forms are still open?

edit : Gen male, commerce+maths background",IPMATtards,2025-06-06 05:01:52,https://www.reddit.com/r/IPMATtards/comments/1l4k7rw/where_can_i_apply_still/,4,fed nirma interview question basic expected soon interview started froze forgot everything could tell going badly im scared disappointing parent even scared regarding im gon na anyways ppl gon na give interview pls remember th th acad thoroughly half interview would half would regarding ur state current affair glps asked ur fav subject say one answer theoretical question,58,Negative
backup option,"jipmat-295(gen female)
indore-20-28-91
rohtak-373
suggest some good colleges i can apply for as a backup option. 
is nirma good? today is the last date for registration for it
also can we apply for nmims ipm?",IPMATtards,2025-05-30 07:48:01,https://www.reddit.com/r/IPMATtards/comments/1kyyg4o/backup_option/,4,query nirma university shortlisted pi meeting mail said please join min interview due issue could join however even waiting till still let meeting sent mail allbut want know delay,29,Negative
"If I don't get into any iims, would nirma be a good option?","I'd give ipmat again though (next year)and even if it doesn't work out I'll start preparing for cat but as a backup is nirma's bba+mba program good? (I'm okay if the curriculum and attendence criteria is strict)
Btw my score is 20-23-109",IPMATtards,2025-05-22 13:30:52,https://www.reddit.com/r/IPMATtards/comments/1ksqrd6/if_i_dont_get_into_any_iims_would_nirma_be_a_good/,4,opinion needed current situation got offer letter nicmar nirma university got ile jipmat gen male got interview call iim amritsar gave iimk bmsat hoping interview call sure stuck choice less time accept offer loudlycryingface need opinion regarding edit applied ipm nirma nicmar,42,Positive
42** General Will i get nirma?,My rank fell by 300 even with increase in marks will i get admission into nirma for bcom or bba?? Please help,clat,2025-05-17 11:24:50,https://www.reddit.com/r/clat/comments/1koqopz/42_general_will_i_get_nirma/,4,law student gc hi yall ’ joining nirma ba llbhons course ’ looking gc like batchmates ’ found proper one ’ planning make instagram gc yall ’ comfortable sharing number whatsapp also yall comfortable instagram asw please let know option,40,Positive
Rant hoga ab toh,"Ab dimak ka bs hora h mera 😭
140 marks aaye hain ipmat me christ diya nahi symbosis me 37 aaye hain boards mein pcm leke lag gaye board percentage ke ( < 70 ) cuet ke liye darr lagra h 12th maths weak h gat aur english me milake 400 ban jayenge ab uske aage kya tapmi ka form bhara h lekin 23-24 lakhs worth hain ya nahi smjh nii aara. Nirma ka bba honours usi saal start hoga placement ka idea nahi h plus fees udhar bhi 16-17 lakhs . Symbiosis me noida milra h udhar ka average placement 4 lakhs h bas usme bhi sales vale aare hain. Bml munjal ya Bennett ka option explore karu atleast paise bach jaye maybe 😭",IPMATtards,2025-05-26 11:26:34,https://www.reddit.com/r/IPMATtards/comments/1kvrzvo/rant_hoga_ab_toh/,4,nirma interview experience panel two male panelist mark verification class verbally p asked introduce asked subject studied class state explain law demand inflation occurs exception law demand cross questioning p studied math class asked use math economics use math maximize profit thats done gkca questionsshockingly short interview min chill panel,50,Negative
Can we work part time being a professor at colleges like Nirma or gnlu or any tier 3 college,"So I was thinking academia as a backup option .So my Q was suppose if I did freelancing, assist some lawyer or work in LPO after teaching hours , is it allowed .Also who much undergrad College Tag matters if you want to go in academia and did an LLM from good uni .Do  tier 3 colleges don't pay as per the requirement by ugc ( from what I heard they give official  amount and ask the prof to give some amount of money back to them ).And is academia a good backup option ",NLUs,2025-05-20 07:17:22,https://www.reddit.com/r/NLUs/comments/1kqyszb/can_we_work_part_time_being_a_professor_at/,4,round doubt pls help got mechanical round already got mechanical acpc reject seat today fill seat round seat available offline admission want ec nirma could someone cancelled round get seat,30,Negative
Nirma university,Does nirma university consider sectional cuttofs for ipmat?? and what all other colleges do consider sectional cuttofs,IPMATtards,2025-05-15 01:29:31,https://www.reddit.com/r/IPMATtards/comments/1kmw67t/nirma_university/,4,much time coursework asks everyday im planning join scms nirma class timing till starting morning time left club committee,19,Neutral
Admission,When will be the results of round 1 will be declared for nirma btech admission? ,NirmaUniversity_Ahmd,2025-05-24 08:01:02,https://www.reddit.com/r/NirmaUniversity_Ahmd/comments/1ku6dzc/admission/,4,indian legacy brand win tapping nostalgia ’ thinking lot nostalgia marketing lately especially powerful today ’ attention economy talk global example time india ’ got goldmine legacy brand shaped entire childhood feel like could make huge comeback leaned nostalgic pull think it—rasna nirma campa cola amrutanjan gold spot hamdard even ruffle lay parleg ’ brands—theyre memory summer break doordarshan jingle school lunchboxes plastic bottle fridge ’ sensory emotional cultural nostalgia trend peaking—just look cadbury dairy milk brought back cricket ad pepsi tapped retro graphics—i wonder brand ’ leaning harder wave even something like rasna could relaunch nostalgic og hydration drink postsportsdrink era nirma could go full vintage aesthetic old packaging jingle instagram campa cola kind tried reliance ’ really land emotional beat reason indian legacy brand ’ go full “ retro revival ” route lack vision fear seeming outdated maybe ’ waiting gen z start driving buying curious know oldschool indian brand think could make nostalgic comeback marketed right ’,160,Positive
URGENT(NIRMA IPM VS TAPMI IPM),,TAPMIPM,2025-07-03 10:53:48,/r/IPMATtards/comments/1lqmk7r/urgentnirma_ipm_vs_tapmi_ipm/,3,hostel pg guy much cost living person month near nirma budget k per month,14,Positive
EVD at DAIICT vs CSE Nirma,Seniors please help me out. I don't really have much interest in EVD. But I'm not getting any great colleges anyway. And DAIICT has a very great reputation and excellent peer group. How is the EVD course? And what are the future prospects of this branch. And I have to pay the fees - 2 lakh soon so please help out as I'm not really much keen about EVD. The other best options I have are : nirma cs and electrical at SVNIT. Any suggestions are welcomed.,NirmaUniversity_Ahmd,2025-07-03 18:52:06,https://www.reddit.com/r/NirmaUniversity_Ahmd/comments/1lqxmqe/evd_at_daiict_vs_cse_nirma/,3,tentative date taken admission nirma btech tentative date commencement st term document verification announced yet could anyone tell date,19,Neutral
URGENT(NIRMA IPM VS TAPMI IPM),Which institute would be a better choice for ipm? Nirma or Tapmi. It would be very kind if someone lists all the points for comparison( I have only looked at the packages and the highest package of nirma seems better)!!,IPMATtards,2025-07-03 10:53:10,https://www.reddit.com/r/IPMATtards/comments/1lqmk7r/urgentnirma_ipm_vs_tapmi_ipm/,3,prep guy serious like month order prepare clat self study dont want go national law university want nirma university anyone tell study study btw average student going tough well help appreciated,31,Negative
are boys allowed long hair in nirma,,NirmaUniversity_Ahmd,2025-07-03 02:32:24,https://www.reddit.com/r/NirmaUniversity_Ahmd/comments/1lqedd7/are_boys_allowed_long_hair_in_nirma/,3,brand mascot became real mvp behind big sale og amul mascot nirmas wonder mascot parles adorable mascot chocos bubbly mascot cheetos funky tiger,23,Neutral
NIRMA MTECH APPLICANTS!!,"bhenchod 59 seats ke liye 521 logo ne apply kiya hai ?!!! FUCKKKK  
sabko yahi aana hai kyaaa 🤯🤯  
mtech cse is so overcrowdedddd",NirmaUniversity_Ahmd,2025-06-27 13:56:30,https://www.reddit.com/r/NirmaUniversity_Ahmd/comments/1llujjw/nirma_mtech_applicants/,3,o use may join nirma c ai ml ec maybe laptop get mac window professor use class since maybe easier follow majority student use flexible budget thinking mac said going window better option dont know nirma help guy please tip regarding c aiml ec please let know using mac window ever hindered thankyou,53,Positive
Nirma waitlist no. 51,How many of you guys got the offer letter but are planning to not join nirma? Please comment so that I can know my chances 🙏,IPMATtards,2025-06-27 05:42:56,https://www.reddit.com/r/IPMATtards/comments/1llm6iq/nirma_waitlist_no_51/,3,electronics instrumentation nri branch nirma worth get nri sponsored also placement ratio average package would like hear senior,18,Positive
Nirma waitlist number : 7,"It says in the mail that -- you will be informed about the status of your admission after july 15
Does this mean second list will be issued after 15 July??? 
Also thala for a reason(7) ",IPMATtards,2025-06-27 04:29:58,https://www.reddit.com/r/IPMATtards/comments/1llkxd3/nirma_waitlist_number_7/,3,nlu shimla v nirma law basically got allotted nlu shimla second round counselling rank reservation also got offer nirma confused,20,Negative
Nirma uni hostel,"Was anyone offered hostel for the integrated mba programme? If not, why are they not providing hostel facilities? Any idea?. ",IPMATtards,2025-06-26 18:19:23,https://i.redd.it/i3hcj4tvcb9f1.jpeg,3,prefer nirma eie chennai cse comedk college got main mb eligible pdpu itc nirma eie got cse cat vit chennai also got xx rank comedk might eligible dsce cse bmsce ece one better oppurtunity pls guide krdo gave ee nirma pdpu first round,43,Negative
Any senior in Ai Ml at nirma,Any senior to guide at nirma in Ai Ml,NirmaUniversity_Ahmd,2025-06-28 15:17:59,https://www.reddit.com/r/NirmaUniversity_Ahmd/comments/1lmpa89/any_senior_in_ai_ml_at_nirma/,3,placement cse im planning join nirma cse whats average placement worth skipping nit surat,14,Positive
Nirma vs NMIMS,"I've been offered admission to NMIMS for their BBA at the main mumbai campus as well as Nirma for BBA-MBA Integrated. Any advice as to what i should go for?

",NirmaUniversity_Ahmd,2025-06-26 17:58:56,https://www.reddit.com/r/NirmaUniversity_Ahmd/comments/1ll6yge/nirma_vs_nmims/,3,need assistance hello everyonem recently joined nirma law school one friend already said hostel situation male good advised talk bhk flat another personsoif anyone else looking flatmateyou dm suggestion good hostel near college help much appreciated,36,Positive
TAPMI OR NIRMA,"Got into both, I just wanna do bba, not mba,from these clgs so which is better TAPMIS BBA IN BANGALORE OR NIRMA IPM",IPMATtards,2025-06-26 11:19:04,https://www.reddit.com/r/IPMATtards/comments/1lkxjwb/tapmi_or_nirma/,3,confused ece cse please senior confused past day tt placement almost people work decent ig love logical anti rattu branch anti rattu ig ece growing cse changing role development ai heard ai never gon na replace skilled engineer isnt ece something fascinating risky maybe ’ know love year getting ece nirma gujarat sure sit upgradation lock probably get aiml next round round side also like around tech software consider ’ entered coding used laptop lot random learning also feelheard cse versatile get many different rolesjobs also doubt ai reach unimaginable level future edit saw arduino project like nice… cse one side heart say get vast opportunity cse saying ai get unimaginable level,112,Positive
INTRODUCE YOURSELVES!,"Hey guys! 
I am Navya, I’m here for the IMBA program at Nirma for the session 2025-30. 
Let’s connect over here.
Feel free to introduce yourselves and ask your queries.
",NIRMAIMBA30,2025-07-05 12:08:34,https://www.reddit.com/r/NIRMAIMBA30/comments/1ls8ejy/introduce_yourselves/,3,major dilemma general male gave jee main got k crl rank gave jee advanced missed cutoff mark interesed cse mathematics computing alml etc field want good college getting good college go nirma university ece join lower nit iiits take drop prepare jee advanced try applying university abroad,47,Negative
WELCOME IMBA BATCH 2025-30,"Hey all!
This is the community for IMBA freshers for the session 2025-30 at Nirma University, Ahmedabad.
Let’s connect and network. 
See you all on 21/07! 

Also, DM for insta gc link. ",NIRMAIMBA30,2025-07-05 11:14:55,https://www.reddit.com/r/NIRMAIMBA30/comments/1ls7i9a/welcome_imba_batch_202530/,3,guidance rd sem first year cgpa want continue tried cp c realized done basic project web dev cs java script also studying basic aiml think interest field opportunity internship ml data science company role visit nirma opportunity summer internship second year study grab want know expect subject like dsa discrete mathematics oop bcz dont want back tip senior mistake avoid st year,62,Positive
NMIMS vs Nirma University,"I've been offered admission to NMIMS for their BBA at the main mumbai campus as well as Nirma for BBA-MBA Integrated. Any advice as to what i should go for?

",nmimsnpat,2025-06-26 17:59:47,https://www.reddit.com/r/nmimsnpat/comments/1ll6z9r/nmims_vs_nirma_university/,3,nirma uni merit list x hey dont know id able get nirma uni merit list number x food thought,19,Positive
Nirma R3,"https://preview.redd.it/ikx2dk3euu8f1.png?width=1447&format=png&auto=webp&s=c84d9e03ce0f2659738c5831d837267cd035e766

ye kya ho rha ece aage kyu nhi ja rha T\_T",NirmaUniversity_Ahmd,2025-06-24 10:47:37,https://www.reddit.com/r/NirmaUniversity_Ahmd/comments/1lj7v0f/nirma_r3/,3,cutoff mai rank kitni badhti next round jese abhi jo cutoff aaya hai nirma ka round mai ec ka toh rd round tak kitna aage jayega,26,Negative
Nmims Mumbai or Nirma for Bba,I have been selected for Nmims Mumbai for the course of BBA and also in Nirma Uni for Bba. Where should i take ,nmimsnpat,2025-06-25 09:48:50,https://www.reddit.com/r/nmimsnpat/comments/1lk1fj6/nmims_mumbai_or_nirma_for_bba/,3,nirma list supposed released today anyone tried contact given rough timing something,12,Negative
When Nirma will release merit list,Whennnn,IPMATtards,2025-06-25 07:46:15,https://www.reddit.com/r/IPMATtards/comments/1ljzll5/when_nirma_will_release_merit_list/,3,nirma university ipm chance got sa mcq va ipmat indore chance getting shortlisted nirma university interview round,17,Neutral
Serious hun yaar... help me I'm in dilemma (MTech),"Nirma MTech me bhi admission hogya hai DAIICT MTech me bhi mil raha hai easily

Kaha pe paise bharu aur kaha se refund lun abhi ??

My end goal is to get a good internship and placement.

Bataa do agar koi jaanta ho toh",NirmaUniversity_Ahmd,2025-07-03 18:23:46,https://www.reddit.com/r/NirmaUniversity_Ahmd/comments/1lqwx58/serious_hun_yaar_help_me_im_in_dilemma_mtech/,3,college guy dropper got ilnu nirma university institute law worth going leave also tried slat couldnt make past pi round also fee way much,24,Negative
EVD vs CSE comparison,Seniors please help me out. I don't really have much interest in EVD. But I'm not getting any great colleges anyway. And DAIICT has a very great reputation and excellent peer group. How is the EVD course? And what are the future prospects of this branch. And I have to pay the fees - 2 lakh soon so please help out as I'm not really much keen about EVD. The other best options I have are : nirma cs and electrical at SVNIT. Any suggestions are welcomed.,Btechtards,2025-07-03 18:52:59,https://www.reddit.com/r/Btechtards/comments/1lqxnim/evd_vs_cse_comparison/,3,nirma university doubt hey ipmat got messed scored nirma possible score th percentage someone pls confirm,16,Neutral
NIRMA INTERVIEW,"NIrma interview over folks it was average for me  
I have 205 marks in IPMAT INDORE will i be selected ?

koi ye mat bolna ki 205 marks pe nirma kyu jara hai  
bas back up hai bhai isliye poochra hu

Or jab merko saare questions yaad aajaenge order me tab  ek QUESTIONS ki post bhi kardunga kya kya poocha unhone ",IPMATtards,2025-06-21 06:26:08,https://www.reddit.com/r/IPMATtards/comments/1lgpvdh/nirma_interview/,3,dsnlu good gotten dsnlu today aquired via defence quota dont think better shot nagpur kochi float give shot whats loose nothing else ill still dsnlu worth placement internship location environment also trying nirma ipu uslls low chance vip iim ro nfsu top priority suggestion,44,Positive
pdeu computer engineering or nirma cse+mba?,P,PDEUofficial,2025-06-22 17:36:47,https://www.reddit.com/r/PDEUofficial/comments/1lhtnt9/pdeu_computer_engineering_or_nirma_csemba/,3,nirma imba going join nirma imba admission confirmed anyone give little bit introduction university tip avoid ragging stuff ty,19,Positive
NIRMA PI TRANSCRIPT,"There were two male panelists, one of them had his camera off.
Me:good morning sir
P1: Good morning (My Name)
P1: Can you tell me how many marks did you score in the 12th grade
Me: 445 out of 500
P1: Let's start with a brief introduction of yours
Me: answered
P1: That's all from my side, P2 will take over from here

P2: Can you tell me your favourite subjects of 12th
Me: English and economics
P2 : let's start with economics. Tell me what is law of DMU and Indifference Curve. And are these related or contrasting to each other?
Me : Defined both but might've fumbled the relationship
P2 : Can you tell me what's a monopolistic market?
Me : started yapping about what a monopoly market is
P2: I think you've confused monopoly with monopolistic market
Me : sorry sir
P2 : Now suppose there are two teammates in a group project who are adamant on not working. What'd you do? Will you go to the senior about the same?
Me : answered 
P2 : That's all from my side

P1: Okay, now can you tell me about three current affairs you've read recently
Me : answered. And the 3rd point was iran-israel conflict
P2: Can you tell me who the leaders of these nations are?
Me : I'm sorry I'm not aware
P2: no problem. That's all.
P1: You may leave the meeting now
Me: thankyou sir have a good afternoon. 
Overall one of them was chill and I think one wasn't but it was fine
",IPMATtards,2025-06-19 06:25:20,https://www.reddit.com/r/IPMATtards/comments/1lf3qa4/nirma_pi_transcript/,3,use laptop note taking nirma universitybtech getting admission nirma electrical engineering take note using laptop lecture allowed rule professor sneaky attendance proxy,22,Neutral
plz help,nirma 3rd round is over kya ab koi offline round ya vacant round hoga for branch upgradation ? agr hoga to kya process rahega??,NirmaUniversity_Ahmd,2025-06-28 17:13:50,https://www.reddit.com/r/NirmaUniversity_Ahmd/comments/1lms17u/plz_help/,3,get nirma syleus abyss spawn right daybreak nirma spawned right daybreak bunch others waited outside syleus abyss pvp period end enter dungeon finally time came minute get couldnt make time there rotating staircase one u activated preventing u reaching reason staircase couldnt moved late shortcut reach nirma,47,Negative
Help please...,Pdeu ict vs nirma electrical... ,NirmaUniversity_Ahmd,2025-06-28 08:59:36,https://www.reddit.com/r/NirmaUniversity_Ahmd/comments/1lmi9wd/help_please/,3,one leave nirma year know official exit option certificate anything still leave right obliged stay entire ug least little context scored year little prep planning full drop year foresight come little risky wanted join nirmafor partial drop stand amongst pvt college like upesbennett getting ipm well p campus hostel available batch meltingface meltingface,53,Positive
Nirma PI transcript 17th june!,"I had panel 6, all were male and 1 panelist spoke at a time.

P1-

1. Introduce yourself
2. Hobbies, Asked me abt one, painting
3. Fav subject (maths)
4. Fav part in it (i said integrals and differntiation, regardless of whether i get the ans or not, i enjoy it LMAO the sir also smiled at that)
5. Relation between integration and differentiation and uses of each

P2–

1. Why Nirma integrated program (BTECH AND MBA)
2. Do i have prior experience at coding (nO)
3. What is AI? How is it being used in real world? (Since i said i have studied ai in 9th and 10th for previous ques)
4. Have you heard of ML? Differentiate between unsupervised and supervised learning.

P3–

1. There were 2 options while registering, CSE and MBA and ME and MBA, why did you not choose second option? (I explained how my physics is not that great)
2. So do you think physics wont be used in cs?(i said it will but not to the extent of mech)
3. What part of math do you think will be used yhe most in cse
4. I answered and he asks not calc? And i said i dont have much exp in cse so im not completely aware sorry-

Thats it! Took exactly 9 mins so 💀

edit: meant to write 18th june sorry :')",IPMATtards,2025-06-19 10:14:00,https://www.reddit.com/r/IPMATtards/comments/1lf76ok/nirma_pi_transcript_17th_june/,3,ipmat nirma highest waitlist number hi guy please share waitlist number anticipate highest waitlist released nirma ipm,17,Neutral
I f'ed my nirma interview,"Question were basic and what I expected but as soon as the interview started I froze up and forgot everything I could tell it was going very badly I'm  scared of disappointing my parents and even more scared regarding what I'm gonna do now:(
Anyways for ppl who are gonna give the interview pls remember to do 11th 12th acad (thoroughly) half the interview would be that and half would be regarding ur states and current affairs gl!(ps if asked ur fav subject say the one you can answer theoretical questions of)",IPMATtards,2025-06-19 06:41:38,https://www.reddit.com/r/IPMATtards/comments/1lf3zin/i_fed_my_nirma_interview/,3,nirma kesa uni hai padhai boy girl ratio attendance acre campus sahi mai h hostel campus k andar h,19,Neutral
Query about nirma university,"I was shortlisted for PI, and meeting was at 2.15. In the mail, they said, please join 15min before the interview. Due to some issues, i could only join at 2.10, however, even after waiting till 2.40, I was still not let into the meeting. I sent them a mail and all...but I want to know, was it because of my delay?",IPMATtards,2025-06-18 09:13:56,https://www.reddit.com/r/IPMATtards/comments/1leci9s/query_about_nirma_university/,3,hostel near nirma university management department gotten admission nirma university intregrated mba want affordable clean hostel near institute management currently enquiry omkara hostel asking around k ac room triple sharing plus electricity bill ac dm,35,Positive
opinion needed,"current situation:  
I got offer letters from both nicmar and nirma university  
got 97.25%ile in JIPMAT (gen male)  
and got interview call for iim amritsar  
gave iimk bmsat too so hoping for an interview call (but not sure)

I am stuck between the choices and with less time to accept the offer. 😭need an opinion regarding this

edit: applied only for IPM (for nirma and nicmar) ",IPMATtards,2025-06-26 11:19:03,https://www.reddit.com/r/IPMATtards/comments/1lkxjvy/opinion_needed/,3,nirma merit list drop score know nirma merit list please drop ipmat class score get idea selected candidate got also drop score mine got please share,26,Negative
People joining IPM,General discussion for people joing nirma for Intregrated MBA this year.,NirmaUniversity_Ahmd,2025-06-26 21:19:55,https://www.reddit.com/r/NirmaUniversity_Ahmd/comments/1llc0yf/people_joining_ipm/,3,nirma cse v iiit vadodara c v iiit bhopalcsvs iiit surat c anyone give order,15,Neutral
LAW STUDENTS GC,"Hi yall 
I’m joining nirma for the BA LLB(hons) course and I’ve been looking for a gc with like other batchmates but I haven’t found a proper one. 
So I’m planning to make an Instagram GC for all of yall who aren’t comfortable sharing their numbers for WhatsApp. 
Also if yall are not comfortable with Instagram asw please let me know other options:)",NirmaUniversity_Ahmd,2025-06-26 15:49:01,https://www.reddit.com/r/NirmaUniversity_Ahmd/comments/1ll3l41/law_students_gc/,3,nmims navi mumbai v nirma im confused nirma nmims parent want go nmims mumbai locational advantage heard nirma better college nmims im sooo confused loudlycryingface plzz help,27,Negative
NIRMA interview experience.,"PANEL NO.4
Two male panelists.

Marks verification of class 12 (verbally)
P1 
Asked me to introduce myself.
Asked what subjects studied in class 12.
State and explain Law of demand.
How inflation occurs and exception to law of demand (cross questioning).

P2
As I studied Math in class 12...asked how will you use math in economics?
How will you use math to maximize profit?

That's it done! (No gk/ca questions..shockingly)
Short interview 5 to 7 mins and very chill panel.


",IPMATtards,2025-06-17 11:00:35,https://www.reddit.com/r/IPMATtards/comments/1ldk5m4/nirma_interview_experience/,3,anyone bad interview still got mail nirma anyone bad interview still recieved mail nirma today also score,17,Negative
CSE MBA placements,What are the average packages offered for cse mba at nirma?,NirmaUniversity_Ahmd,2025-06-24 19:52:44,https://www.reddit.com/r/NirmaUniversity_Ahmd/comments/1ljl521/cse_mba_placements/,3,suggest good hostel around l yearly fee going nirma uni probably need good hostel nearby whose fee also much reasonable checked omkar hostel thats costly l sharing bill included well pay brokenheart costly ngl,34,Positive
Nirma Meena Viral Video Original Clip,,viraldude,2025-06-16 08:48:44,https://leakedviral.com/nirma-meena-viral-video/,3,nirma ba llb wanted know nirma ba llb need detailed review environment academic general,14,Positive
"Nirma Mech or EIE, which is better?",I have interests in both ,NirmaUniversity_Ahmd,2025-06-16 07:28:23,https://www.reddit.com/r/NirmaUniversity_Ahmd/comments/1lcmn8m/nirma_mech_or_eie_which_is_better/,3,nmims mumbai v nirma got bba llb nmims bcom llb nirma help choose facewithbagsundereyes,14,Neutral
Round 3 doubt (pls help),"I got mechanical in round 3 but I had already got mechanical through acpc so I reject the seat today.

So who will fill my seat now??
Is there a round 4?
Will this seat be available through offline admission?


I want EC in nirma and there could be someone who has cancelled in round 3 so can I get that seat now??",NirmaUniversity_Ahmd,2025-06-24 14:17:21,https://www.reddit.com/r/NirmaUniversity_Ahmd/comments/1ljcahv/round_3_doubt_pls_help/,3,nirma bba hons offline interview conducting offline interview bba hons program anyone apply centre get got nirma university centre ahmedabad lol lem know ipmat mark centre also whether attend,29,Positive
How much time does the coursework asks everyday? I'm planning to join SCMS/ NIRMA,Their class timings are till 4/5 starting from 8 in the morning so should I? Will I have time left for clubs committees?,IIMBangaloreDBE,2025-06-17 08:56:30,https://www.reddit.com/r/IIMBangaloreDBE/comments/1ldi7qj/how_much_time_does_the_coursework_asks_everyday/,3,urgent please help nirma v nmims mumbai please tell eligible please guide pro con,14,Negative
Can Indian legacy brands win again by tapping into nostalgia?,"I’ve been thinking a lot about nostalgia in marketing lately, especially how powerful it is in today’s attention economy. We talk about global examples all the time, but India’s got its own goldmine of legacy brands that shaped entire childhoods and I feel like a few of them could make a huge comeback if they leaned into that nostalgic pull.

**Think about it—Rasna, Nirma, Campa Cola, Amrutanjan, Gold Spot, Hamdard, even Ruffles Lays or Parle-G.** These aren’t just brands—they're memories. Summer breaks, Doordarshan jingles, school lunchboxes, plastic bottles in the fridge. It’s sensory. Emotional. Cultural.

With the 90s and 2000s nostalgia trend peaking—just look at how Cadbury Dairy Milk brought back the cricket ad, or how Pepsi tapped into retro graphics—I wonder why more of these brands aren’t leaning harder into that wave. Even something like **Rasna** could re-launch as a nostalgic ""OG hydration drink"" in this post-sports-drink era. **Nirma** could go full vintage aesthetic with their old packaging and jingles on Instagram. **Campa Cola** kind of tried with Reliance, but didn’t really land the emotional beat.

Is there a reason more Indian legacy brands don’t go the full “retro revival” route? Lack of vision? Fear of seeming outdated? Or maybe they’re waiting for Gen Z to start driving more of the buying?

Curious to know what old-school Indian brand you think *could* make a nostalgic comeback if marketed right and how you’d do it.",MarketingMindMM,2025-06-23 12:06:58,https://www.reddit.com/r/MarketingMindMM/comments/1liev7v/can_indian_legacy_brands_win_again_by_tapping/,3,selected bbahons instead ipm make mistake right choice want pursue mba either usa based university iim get lucky enough get chance either based ’ choose ipm programme made sense mba well plus year long course foreign university consider mandatory pushed choice anyways expect roi roi bbahons nirma idiot,48,Negative
Hostel or PG,"Guys how much will be the cost of living person month near Nirma 
Budget is Under 10k per month ",clat,2025-06-22 04:42:19,https://www.reddit.com/r/clat/comments/1lhfka4/hostel_or_pg/,3,nirma v nmims mumbai need opinion already got nirma seat merit got nmims mumbai selection letter wan na know better please tell,22,Positive
Tentative dates,I have taken admission in nirma for btech. The tentative dates for commencement of the 1st term and document verification has to be announced yet. Could anyone tell me what were the dates in 2024?,NirmaUniversity_Ahmd,2025-06-21 10:07:14,https://www.reddit.com/r/NirmaUniversity_Ahmd/comments/1lgt3jq/tentative_dates/,3,female flatmate required flatmate required – girl sharing looking female flatmate join fully furnished bhk flat rent ₹ per month security deposit ₹ refundable brokerage location adani pratham near nirma uni facility spacious room fully furnished wellmaintained flat availability july ideal student working woman looking comfortable convenient stay,48,Positive
BRO IS THE NIRMA OF MEDIA,"https://preview.redd.it/up8nh22h5j6f1.png?width=640&format=png&auto=webp&s=ad3f625950794dd3f53ba9f345c80beebf75d43a

",ZaidZIZ,2025-06-12 17:20:10,https://www.reddit.com/r/ZaidZIZ/comments/1l9s7fa/bro_is_the_nirma_of_media/,3,female flatmate required flatmate required – girl sharing looking female flatmate join fully furnished bhk flat rent ₹ per month security deposit ₹ refundable brokerage location adani pratham near nirma uni facility spacious room fully furnished wellmaintained flat availability july ideal student working woman looking comfortable convenient stay,48,Positive
PREP,"Guys this is serious 
So i have like 5 months in order to prepare for CLAT 
I am doing it through self study 
I don't want to go to any national law University 
I want Nirma University any how 
So is there anyone who can tell me how to study what to study 
Btw I am a below average student so it's going to be tough for me as well
Any help will be appreciated ",clat,2025-06-20 04:04:17,https://www.reddit.com/r/clat/comments/1lfumdh/prep/,3,want connect senior bba bbah im thinking joining nirma bbawanted know depth university expense help truly appreciated,17,Positive
Brand Mascots Became the Real MVPs Behind Big Sales,"1. The OG Amul mascot  

2. Nirma's wonder mascot 

3. Parle's Adorable mascot 

4. Chocos' bubbly mascot 

5. Cheetos' funky tiger ",MarketingMindMM,2025-06-19 11:15:59,https://www.reddit.com/gallery/1lf87az,3,find legal internship even unpaid going start graduation ba llb hopefully ipu k clat rank general outside delhi yes got bba nirma university ’ go want internship st year student make habitual space kindly assist,35,Negative
What OS do they use?,"I may join nirma for cs or ai ml or ec( maybe), what laptop should I get a mac or windows? What do the professors use in classes? (Since it maybe easier to follow them), or what do the majority students use? I am flexible on budget. I was thinking of mac but then some said going for windows is a better option, i don't know about nirma so help me out guys please! And any other tips regarding cs, AiMl, ec please let me know. If using mac or windows has ever hindered you! Thankyou!",NirmaUniversity_Ahmd,2025-06-18 07:31:09,https://www.reddit.com/r/NirmaUniversity_Ahmd/comments/1leb0v5/what_os_do_they_use/,3,idea chimera duotrio bos fight guild bos fight last night middle manticus brother asked guild thought would like tank also hold nirma lightning aggro field another position deckman properly still take akman got thinking bos combo like daigon leviathan leviathan go pull middle daigon unleashes double blood burst aoes gaitan kowazan pakilo naru theyre fucking place junebote valentra youre ball bounce answer question time dont get protection would craziest mash use existing content make fresh,75,Negative
Electronics and Instrumentation NRI,"how is that branch at nirma?

is it worth if i get that through nri sponsored?

also what are the placements ratio and average packages for that?

would like to hear from seniors 

",NirmaUniversity_Ahmd,2025-06-17 13:39:49,https://www.reddit.com/r/NirmaUniversity_Ahmd/comments/1ldnejp/electronics_and_instrumentation_nri/,3,iim sirmaur nirma nmims got call nirma confident get call nmims ipmat score decent might get call iim sirmaur toosadly didnt apply amristar parent well set sending nirma want unbiased opinion others regarding college chose,35,Positive
NLU SHIMLA VS NIRMA LAW,"So basically i got allotted nlu shimla in the second round of counselling i have a rank of 2133 no reservations, i also got an offer from nirma and i am so confused ",clat,2025-06-05 16:10:15,https://www.reddit.com/r/clat/comments/1l4361g/nlu_shimla_vs_nirma_law/,3,vacancieshelp guy tn domicile rank xx general category rank tnnlu domicle third list vacancy admission released last year stated rank till xx apply since year lot chaos happened chance people would gone sl christ nmims nirma get tnnlu,38,Negative
should i prefer nirma EIE over chennai cse and comedk colleges,"i got 93.1 in mains, so i mb eligible for pdpu ITC and nirma EIE and i got cse cat2 at vit chennai.

I also got 47xx rank in comedk and might be eligible for dsce cse or bmsce ece, so which one is a better oppurtunity, Pls guide krdo.

they gave me ee both at nirma and pdpu in first round",NirmaUniversity_Ahmd,2025-06-07 07:53:28,https://www.reddit.com/r/NirmaUniversity_Ahmd/comments/1l5fgk1/should_i_prefer_nirma_eie_over_chennai_cse_and/,3,hpnlu v nirma guy im going give clat ive heard nirma stressful im worried wont get time preparewhat choose,19,Neutral
Du nmims m nirma or hpnlu,😭💔💔💔👌🏻👌🏻👌🏻,clat,2025-06-04 16:48:41,https://www.reddit.com/r/clat/comments/1l3ajv0/du_nmims_m_nirma_or_hpnlu/,3,college bba canpus lifeexposure opportunity extra curriculum passedmy qualification th th respectively want bba apart pdeuaunirmagls university want good portfolio want campus provide opportunity etc ahmedabad preferred consider outside too… thank u ’ applied aupdeugtu ’ gotten admission fee wise bba ppl saying ’ worth,45,Positive
NIRMA,Anyone here from nirma or someone who attended and got selected in counselling this year,clat,2025-06-02 12:51:43,https://www.reddit.com/r/clat/comments/1l1h806/nirma/,3,clat nirma ok nirma like min home college always wanted study determined student got le test series seeing book making lose mind disappointedface anyone guide clat journey help get desirable rank order make,33,Neutral
placements for cse,im planning to join nirma for cse whats the average placements? ( is it worth skipping nit surat?),NirmaUniversity_Ahmd,2025-06-11 23:28:02,https://www.reddit.com/r/NirmaUniversity_Ahmd/comments/1l97j0t/placements_for_cse/,3,mca nirma mca ka idea hai kisi ko nirma mein kaisa hai,12,Neutral
Need some assistance.,"Hello everyone,21(m) recently joined nirma law school.
One of my friends is already there and she said hostel situation for males are not good and advised me to talk a 1bhk flat with another person.so,if anyone else is looking for a flatmate,you can dm me or if there any suggestions of a good hostel near the college.
Your help will be much appreciated.",NirmaUniversity_Ahmd,2025-06-09 10:59:29,https://www.reddit.com/r/NirmaUniversity_Ahmd/comments/1l71t1g/need_some_assistance/,3,sse good choice hi friend mine got sse bsc eco nirma amd bcom hons shes confused symbiosis good college coursefacultycrowd everything,21,Positive
very confused between ECE & CSE (please seniors) :),"I am confused from past 3 days T-T

Placements are almost same for people who work decent ig

I love being logical and anti rattu (and both branches are anti rattu ig)

ECE is growing 

CSE is changing roles with development of AI (heard that ai is never gonna replace skilled engineers isnt it?)

ECE is something fascinating but risky for me maybe (because i don’t know if i will love my 4 years)

I am getting ECE in Nirma Gujarat but i am not sure if i should sit for upgradation or lock in as i will probably get AI/ML in next round or in further rounds

But on other side i also like being around tech and software (to be consider that i haven’t entered coding but i have used my laptop for a lot of random learnings ;-;)

Also i feel/heard that CSE is more versatile and i can get into many different roles/jobs (but also doubt if AI will reach unimaginable levels in future)

Edit : i saw some arduino projects and was like nice…

For cse, one side of heart says you can get very vast opportunities from cse but other is saying that AI can get to unimaginable levels",Btechtards,2025-06-09 13:04:54,https://www.reddit.com/r/Btechtards/comments/1l74a3r/very_confused_between_ece_cse_please_seniors/,3,ece nri sponsored worth ’ get c ’ want nirma ece nri worth pdeu manipal option,16,Positive
TAKE ON NIRMA LAW,,clat,2025-05-28 15:24:17,https://www.reddit.com/r/clat/comments/1kxjx8u/take_on_nirma_law/,3,better bm sirmaur bba nirma nalsar scored iss score mai sirmaur mil jayega kya,14,Positive
major dilemma,"I am a general male. I gave the JEE main and got 39k CRL rank. I gave JEE Advanced missed the cutoff by 1 mark. I am interesed in CSE, Mathematics and Computing, AL/ML etc fields. I want a good college. But i am not getting any good colleges. What do I do? Go to Nirma University ECE, or join lower NITs or IIITs? What do i do now should I take a drop, and prepare again for JEE advanced, and try applying to other universities abroad? ",JEENEETards,2025-06-07 05:56:36,https://www.reddit.com/r/JEENEETards/comments/1l5dq5f/major_dilemma/,3,got selected first round nirma got selected first round nirma bballb asking pay rn dont pay rn wont considered nd round,21,Neutral
guidance for 3rd sem,"after first year i have 8.3 cgpa and i want to continue 8+ . i have tried cp with c++ and i realized it's not for me .

 i have done basic projects of web dev with css and java script . also after studying basic ai-ml i think i have interest in that field so what are the opportunities for internship in ml , data science . do companies with these roles visit nirma ? what are the opportunities for summer internships in second year? what should i study to grab it ?

 i want to know what should i expect from subjects like dsa , discrete mathematics , oop .bcz i don't want any backs.  so any tips from seniors or what mistakes should i avoid  after the 1st year . ",NirmaUniversity_Ahmd,2025-06-07 12:33:34,https://www.reddit.com/r/NirmaUniversity_Ahmd/comments/1l5jrix/guidance_for_3rd_sem/,3,urgent help needed – bdes admission issue nirma hi everyone ’ secured seat bdes communication design nirma university paid first semester fee scored board got compartment physic ’ appearing compartment exam soon issue nirma accepting compartment mark sheet giving time till result ’ tried emailing calling multiple time give false hope everytime chance low ’ stressed ’ want lose opportunity someone please help share contact detail higher authority assist thanks advance,71,Positive
Nirma uni- merit list 37x,"Hey I don't know if I'd be able to get nirma uni. My merit list number is 37x.  
Food for thought?",clat,2025-05-28 11:02:51,https://www.reddit.com/r/clat/comments/1kxe7jb/nirma_uni_merit_list_37x/,3,help somebody please explain refund policy mithibai also applied emi affect refund whatsoever also many day starting skip also applied nirma university symbiosis college art commerce merit list come yet also college worth leaving mithibai,35,Positive
CUTOFF MAI RANKS KITNI BADHTI IN NEXT ROUNDS,JESE ABHI JO CUTOFF AAYA HAI NIRMA KA ROUND 1 MAI EC KA 1178 TOH 3RD ROUND TAK KITNA AAGE JAYEGA ,NirmaUniversity_Ahmd,2025-06-05 16:43:57,https://www.reddit.com/r/NirmaUniversity_Ahmd/comments/1l440f6/cutoff_mai_ranks_kitni_badhti_in_next_rounds/,3,prefer pdpu itc vit chennai cse comedk college got main mb eligible pdpu got cse cat vit chennai also got xx rank comedk might eligible dsce cse bmsce ece one better oppurtunity pls guide krdo gave ee nirma pdpu first round,41,Negative
Are the Nirma List Out ??,They were supposed to be released today are they out or has anyone tried to contact them and they have given any rough timing or something?? ,clat,2025-05-28 09:06:53,https://www.reddit.com/r/clat/comments/1kxcfpj/are_the_nirma_list_out/,3,get p please negative comment feel like shit already applied nirma iift iim sirmaur iim shillong iim chance hella low possibility get university also im general category male,28,Negative
Help,"My nirma nri sponsored merit rank is 36x.
Can i get aiml?",NirmaUniversity_Ahmd,2025-06-04 02:33:02,https://www.reddit.com/r/NirmaUniversity_Ahmd/comments/1l2uhb7/help/,3,cutoff check got merit rank nirmas india merit rank cse possible yes round idea,14,Negative
Nirma University IPM Chances,"I have got 12 in SA, 40 in MCQ and 96 in VA of ipmat indore. What are the chances of getting shortlisted for Nirma University interview round.",IPMATtards,2025-05-25 14:20:05,https://www.reddit.com/r/IPMATtards/comments/1kv3oq4/nirma_university_ipm_chances/,3,take admission jee main rank general open category iiit vadodara v nirma university know sound dumb ask actually confused help,20,Negative
COLLEGES,"Guys I am a dropper and i got ILNU 
Nirma University, Institute of law 
Is it worth going or i should leave it
I also tried SLAT but couldn't make it past the PI round also the fees is way too much ",clat,2025-06-02 08:04:07,https://www.reddit.com/r/clat/comments/1l1cdd1/colleges/,3,cut guy anyone who joining nirma university institute law please tell ba llb b com llb bba llb cut offs,20,Neutral
Addmission,Guys what CLAT rank is sufficient to get into NIRMA and NMIMS ,clat,2025-06-01 05:47:50,https://www.reddit.com/r/clat/comments/1l0hkue/addmission/,3,someone help get audited placement report nirma university mba program please foldedhandslightskintone,12,Neutral
Nirma University doubt,"Hey so, my Ipmat got messed up 
Scored 20/14/102
Is Nirma possible with this score

12th percentage was 77.4%, someone pls confirm ",IPMATtards,2025-05-21 11:13:27,https://www.reddit.com/r/IPMATtards/comments/1krv72g/nirma_university_doubt/,3,college confusion guyss got admission nirma university ahemdabad join alumnus jay shah,12,Neutral
Nirma vs GLNU  slvassa,"Heyyy, which is better nirma vs glnu silvass",clat,2025-05-20 10:02:57,https://www.reddit.com/r/clat/comments/1kr13y8/nirma_vs_glnu_slvassa/,3,help decide pls got bcom llb nirma uni take loan also got mhcetoms slot unsure get clgbut get better financesbut day nirma finalise admissionwhat confused rn,26,Negative
got rank of 38x,will i gwt in nirma ba llb?,NirmaUniversity_Ahmd,2025-05-28 11:38:02,https://www.reddit.com/r/NirmaUniversity_Ahmd/comments/1kxetuz/got_rank_of_38x/,3,ipmat cutoff bba honour nirma given title dont want apply integrated course want apply bba honour nirma cutoff ipmat also required bba honour,23,Neutral
Do i have any chance in any of the iims/iift/nalsar/nirma??,,IPMATtards,2025-05-20 11:32:23,https://i.redd.it/i354ceeiax1f1.jpeg,3,nirma site admission link anyone please share link dm exact nirma application portal pleaseso stressed abt result dont even know go apply anywhere edit found portal asked pay right one also havent closed admission portal yet,36,Positive
Why tf nirma doesn’t have hostel for ug (boys),,NirmaUniversity_Ahmd,2025-05-19 04:40:54,https://www.reddit.com/r/NirmaUniversity_Ahmd/comments/1kq39h3/why_tf_nirma_doesnt_have_hostel_for_ug_boys/,3,tier nlus v nirma guy rank ’ either getting dsnlu nuals nlu jabalpur could try nirma think nirma slightly better nlus might wrong plsss give genuine advise,27,Negative
Is DSNLU good?,"I have gotten into DSNLU today I have aquired it via defence quota so I don't think so I have better shots at nagpur or kochi, I will float just to give it a shot because what's to loose if nothing else I'll still have this. But is DSNLU worth it? Placements, Internships, location, environment how is it?

I am also trying for NIRMA, IPU (USLLS I have low chances but VIPS I do), IIM RO and NFSU my other top priorities.

any suggestions ",clat,2025-05-26 11:26:49,https://www.reddit.com/r/clat/comments/1kvs00t/is_dsnlu_good/,3,nicmar v nirma v tapmi ipm v christ need prepare cat build extra curriculars undergrad,15,Neutral
Nirma imba,"I am going to join nirma for imba my admission is confirmed can anyone give me little bit of introduction about this university and some tips to avoid ragging and all and other stuff to 
Ty.",NirmaUniversity_Ahmd,2025-07-03 16:37:44,https://www.reddit.com/r/NirmaUniversity_Ahmd/comments/1lqu80j/nirma_imba/,2,kj v nirma ahemdabad converted kj last week state quota waitlist number nirma dont wan na repeat cat anymore help decide one choose ofc convert nirma cat nmat acads pretty bad facewithdiagonalmouth,32,Negative
Can you use laptops for note taking in nirma university(BTECH),I am getting admission in nirma electrical engineering. Can i take notes using my laptop in lecture or is it not allowed by the rules/ professors? and can you be sneaky in attendance and do proxy?,ahmedabad,2025-07-06 08:26:16,https://www.reddit.com/r/ahmedabad/comments/1lsw9n6/can_you_use_laptops_for_note_taking_in_nirma/,2,college go got rank xx cla getting nirma university law nmims karnavati university law one go btw want specialise corporate law,21,Negative
How do you get to Nirma in Syleus' Abyss when he spawns right at daybreak?,"So Nirma spawned right at daybreak. I and a bunch of others waited outside Syleus' Abyss for the PVP period to end and then enter the dungeon. Finally the time came and we had 5 minutes to get there, but we just couldn't make it on time. There's this rotating staircase that one of us activated, preventing us from reaching him. For some reason the staircase couldn't be moved again until it was too late.

  
Is there some shortcut to reach Nirma?",throneandliberty,2025-07-06 05:31:47,https://www.reddit.com/r/throneandliberty/comments/1lstma8/how_do_you_get_to_nirma_in_syleus_abyss_when_he/,2,ipmat cutoff ipmat indore ew chance indore ranchi amritsar shillong kakinada nirma tapmi ifmr,14,Neutral
Can one leave Nirma after 1 year?,"I know that there is no official exit option with a certificate or anything but **we can still leave right?? Or are we obliged to stay for the entire UG at least??**

A little context:- I scored in 130s this year with little to no prep and am planning for a full drop year but in foresight it comes off as a little risky to me so just wanted to join nirma(for a partial drop) as it stands out to me the most amongst other pvt colleges like upes/bennett where I am getting ipm as well. 

Ps: why are there no in campus hostels available for this batch🫠🫠",IPMATtards,2025-07-01 12:06:21,https://www.reddit.com/r/IPMATtards/comments/1lozwxi/can_one_leave_nirma_after_1_year/,2,nirma tbh dont care nlu tag living gujarat nirma something always wanted study concious call wan na go nirma start preparing clat able get class mark,26,Positive
